age; revenu_mensuel ;montant_pret;duree_pret_mois;taux_interet;nb_emprunts_anterieurs;ratio_endettement;score_historique;situation_familiale;secteur_activite;garantie;defaut
60; 447?234 CFA ;23?789?643 CFA;111;13.11;0;0.4792;556;marié;agriculture;oui;0
50; 61?302 CFA ;36?958?065 CFA;94;9.59;3;6.4137;525;marié;agriculture;oui;1
36; 379?650 CFA ;22?989?029 CFA;82;5.63;1;0.7385;449;marié;agriculture;oui;0
64; 91?157 CFA ;2?440?369 CFA;75;3.4;2;0.3569;577;marié;industrie;oui;0
29; 104?917 CFA ;42?181?557 CFA;49;5.58;4;8.205;368;marié;agriculture;non;1
42; 273?810 CFA ;18?494?276 CFA;78;7.99;1;0.866;506;marié;agriculture;oui;0
60; 146?646 CFA ;48?726?615 CFA;50;12.12;4;6.6455;482;célibataire;btp;non;1
40; 395?266 CFA ;26?455?176 CFA;105;5.25;0;0.6374;551;marié;agriculture;oui;0
44; 336?663 CFA ;38?733?146 CFA;61;11.64;3;1.8861;553;célibataire;industrie;oui;0
32; 393?054 CFA ;42?164?130 CFA;112;13.4;3;0.9578;670;célibataire;commerce;non;1
32; 432?574 CFA ;15?109?307 CFA;89;8.45;5;0.3925;733;célibataire;industrie;oui;0
45; 383?468 CFA ;36?376?898 CFA;87;12.86;2;1.0904;463;marié;services;oui;0
57; 317?552 CFA ;8?278?748 CFA;112;9.66;3;0.2328;774;célibataire;btp;oui;0
61; 109?379 CFA ;42?154?364 CFA;62;10.65;0;6.2161;497;marié;btp;oui;0
45; 75?053 CFA ;2?446?830 CFA;26;9.32;2;1.2539;592;marié;agriculture;oui;0
24; 452?662 CFA ;33?497?728 CFA;73;8.56;1;1.0137;626;célibataire;agriculture;non;1
43; 181?994 CFA ;41?293?419 CFA;55;5.82;3;4.1254;819;célibataire;commerce;non;0
23; 148?723 CFA ;10?457?168 CFA;38;6.64;2;1.8503;520;célibataire;services;non;0
45; 101?356 CFA ;38?714?493 CFA;96;6.48;0;3.9788;395;marié;industrie;oui;0
65; 322?933 CFA ;33?380?340 CFA;12;9.76;5;8.6138;724;marié;commerce;oui;0
51; 409?864 CFA ;36?659?646 CFA;75;4.44;4;1.1926;491;marié;services;oui;0
59; 378?800 CFA ;41?978?073 CFA;20;14.0;4;5.5409;538;célibataire;agriculture;oui;1
23; 356?172 CFA ;36?283?612 CFA;87;11.65;0;1.1709;463;marié;industrie;oui;1
42; 376?628 CFA ;11?217?207 CFA;37;7.82;0;0.805;539;marié;btp;oui;0
54; 82?154 CFA ;16?040?627 CFA;80;4.9;4;2.4406;490;marié;commerce;non;0
33; 263?942 CFA ;16?669?764 CFA;25;13.58;5;2.5263;642;marié;commerce;oui;1
43; 314?480 CFA ;9?884?451 CFA;93;12.89;2;0.338;583;célibataire;agriculture;oui;0
65; 415?821 CFA ;4?688?891 CFA;20;11.66;4;0.5638;506;célibataire;services;non;0
46; 379?923 CFA ;9?514?653 CFA;53;6.26;0;0.4725;674;célibataire;commerce;oui;0
48; 331?173 CFA ;14?564?147 CFA;76;7.83;3;0.5787;600;célibataire;agriculture;non;0
63; 371?345 CFA ;21?308?635 CFA;26;4.23;1;2.207;390;célibataire;commerce;non;1
49; 82?265 CFA ;38?549?943 CFA;47;5.27;5;9.9704;666;célibataire;commerce;non;0
37; 415?060 CFA ;33?384?400 CFA;31;12.4;5;2.5946;593;célibataire;commerce;oui;0
36; 293?322 CFA ;2?863?999 CFA;113;11.58;3;0.0864;714;divorcé;services;non;0
65; 224?944 CFA ;43?163?528 CFA;19;10.12;3;10.0992;587;marié;agriculture;oui;0
24; 96?197 CFA ;5?290?691 CFA;62;13.75;0;0.8871;495;marié;industrie;non;1
58; 437?877 CFA ;28?450?196 CFA;42;10.0;4;1.547;554;marié;services;oui;1
28; 498?396 CFA ;21?503?105 CFA;63;8.6;2;0.6848;655;célibataire;commerce;oui;0
42; 204?782 CFA ;10?352?415 CFA;26;7.08;5;1.9444;497;marié;agriculture;oui;0
30; 210?558 CFA ;17?566?318 CFA;87;14.29;5;0.9589;530;célibataire;industrie;oui;0
60; 121?907 CFA ;43?779?777 CFA;74;3.99;3;4.853;552;marié;btp;non;1
39; 441?020 CFA ;48?615?625 CFA;8;14.17;4;13.7793;460;célibataire;agriculture;non;1
25; 252?967 CFA ;33?821?714 CFA;92;12.92;5;1.4533;499;divorcé;commerce;non;1
46; 376?579 CFA ;11?686?361 CFA;95;4.56;2;0.3267;592;célibataire;agriculture;oui;0
35; 352?775 CFA ;26?756?629 CFA;42;9.78;3;1.8059;695;célibataire;services;non;1
30; 441?182 CFA ;32?871?979 CFA;93;13.4;2;0.8012;606;divorcé;agriculture;oui;0
47; 282?604 CFA ;38?498?210 CFA;54;9.86;4;2.5227;570;célibataire;commerce;non;0
23; 332?247 CFA ;28?675?911 CFA;24;13.89;5;3.5962;491;marié;services;non;1
41; 114?772 CFA ;34?314?548 CFA;120;14.32;1;2.4915;684;marié;services;oui;0
49; 176?108 CFA ;6?586?368 CFA;94;8.07;5;0.3979;618;marié;commerce;non;0
28; 64?382 CFA ;28?707?970 CFA;90;7.53;4;4.9545;504;divorcé;commerce;oui;0
65; 134?291 CFA ;45?061?177 CFA;17;14.24;5;19.7382;664;divorcé;services;oui;0
29; 413?339 CFA ;12?450?831 CFA;66;11.1;5;0.4564;630;célibataire;agriculture;oui;0
56; 184?828 CFA ;35?312?381 CFA;46;4.39;0;4.1534;493;marié;agriculture;oui;0
35; 332?753 CFA ;34?035?574 CFA;38;3.51;5;2.6917;564;marié;industrie;non;1
38; 197?550 CFA ;32?886?345 CFA;55;9.78;5;3.0267;525;marié;agriculture;oui;0
57; 282?050 CFA ;14?107?851 CFA;73;14.16;2;0.6852;838;célibataire;services;oui;0
61; 482?882 CFA ;11?860?589 CFA;111;13.13;1;0.2213;628;marié;btp;oui;0
25; 387?827 CFA ;39?592?598 CFA;76;11.11;2;1.3433;593;divorcé;commerce;non;0
23; 436?858 CFA ;29?624?900 CFA;91;4.67;2;0.7452;622;divorcé;commerce;non;0
27; 180?330 CFA ;46?177?380 CFA;38;6.05;3;6.7387;712;célibataire;services;non;0
63; 121?315 CFA ;28?987?589 CFA;86;13.51;0;2.7784;566;célibataire;industrie;non;1
25; 389?978 CFA ;34?442?508 CFA;29;5.19;2;3.0455;516;célibataire;btp;oui;0
50; 438?349 CFA ;16?148?245 CFA;66;6.34;4;0.5582;659;marié;services;oui;0
39; 64?153 CFA ;49?354?843 CFA;66;4.56;4;11.6565;557;marié;agriculture;oui;1
47; 126?325 CFA ;34?023?310 CFA;103;11.11;5;2.6149;468;marié;services;oui;0
65; 290?773 CFA ;6?040?070 CFA;33;14.33;3;0.6295;448;célibataire;commerce;non;0
55; 456?215 CFA ;27?864?435 CFA;63;6.23;0;0.9695;727;célibataire;commerce;oui;0
31; 105?318 CFA ;6?991?878 CFA;48;8.7;0;1.3831;588;marié;agriculture;non;1
57; 444?030 CFA ;31?741?029 CFA;46;10.61;5;1.554;516;divorcé;agriculture;oui;0
35; 427?177 CFA ;49?884?592 CFA;44;14.99;4;2.654;551;marié;industrie;oui;0
52; 126?077 CFA ;2?460?826 CFA;91;4.26;1;0.2145;655;célibataire;commerce;oui;0
36; 402?618 CFA ;3?344?664 CFA;54;8.98;3;0.1538;545;marié;commerce;non;0
29; 183?515 CFA ;36?667?707 CFA;22;7.62;5;9.0822;430;célibataire;commerce;non;1
35; 256?988 CFA ;35?432?801 CFA;103;13.39;3;1.3386;607;divorcé;industrie;non;1
44; 385?463 CFA ;2?590?212 CFA;75;8.71;4;0.0896;695;célibataire;services;oui;0
61; 175?885 CFA ;39?285?284 CFA;115;4.33;4;1.9422;689;marié;commerce;non;0
42; 421?921 CFA ;44?685?024 CFA;75;10.61;1;1.4121;519;célibataire;agriculture;oui;0
37; 67?368 CFA ;34?207?431 CFA;103;12.25;1;4.9298;701;marié;commerce;oui;0
39; 196?400 CFA ;21?820?139 CFA;70;3.03;0;1.5872;596;marié;btp;non;1
45; 238?014 CFA ;25?727?191 CFA;79;13.31;3;1.3682;699;marié;services;oui;0
47; 141?751 CFA ;26?419?139 CFA;90;5.23;3;2.0709;632;célibataire;commerce;non;1
46; 280?203 CFA ;5?100?108 CFA;10;9.62;4;1.8201;422;célibataire;services;oui;0
62; 339?450 CFA ;11?893?942 CFA;7;7.99;0;5.0056;749;célibataire;commerce;oui;0
50; 220?987 CFA ;3?354?190 CFA;27;11.64;5;0.5622;580;marié;industrie;non;1
36; 349?363 CFA ;1?784?382 CFA;117;7.45;3;0.0437;632;célibataire;commerce;oui;0
22; 261?951 CFA ;7?696?042 CFA;62;13.44;0;0.4739;440;marié;agriculture;non;0
46; 245?716 CFA ;37?907?753 CFA;71;11.77;0;2.1729;625;marié;agriculture;oui;0
28; 110?279 CFA ;47?730?658 CFA;79;10.77;4;5.4787;685;marié;commerce;non;0
30; 365?172 CFA ;19?932?053 CFA;103;12.55;0;0.5299;768;célibataire;btp;oui;0
45; 416?407 CFA ;12?372?847 CFA;21;12.05;1;1.4149;715;marié;commerce;oui;0
22; 50?126 CFA ;18?319?593 CFA;117;3.43;1;3.1237;630;célibataire;industrie;oui;0
65; 364?473 CFA ;48?936?828 CFA;56;7.74;2;2.3976;420;marié;industrie;oui;0
29; 77?632 CFA ;38?631?465 CFA;44;14.17;4;11.3096;588;marié;agriculture;non;0
45; 246?382 CFA ;3?757?181 CFA;91;4.51;5;0.1676;515;célibataire;agriculture;oui;0
32; 159?945 CFA ;22?539?912 CFA;81;11.85;2;1.7398;598;célibataire;agriculture;oui;0
38; 367?320 CFA ;39?208?480 CFA;93;14.7;1;1.1478;453;marié;services;oui;0
29; 300?869 CFA ;42?416?167 CFA;116;3.63;2;1.2153;553;marié;agriculture;oui;0
56; 267?138 CFA ;33?871?818 CFA;45;11.19;4;2.8177;523;célibataire;commerce;non;1
56; 225?399 CFA ;48?102?635 CFA;43;8.62;4;4.963;520;marié;commerce;non;1
54; 184?869 CFA ;16?186?144 CFA;65;9.95;0;1.347;521;célibataire;services;oui;0
26; 228?954 CFA ;11?356?760 CFA;64;4.02;3;0.775;561;célibataire;agriculture;non;0
63; 194?790 CFA ;46?850?911 CFA;15;3.52;0;16.0347;603;divorcé;commerce;oui;0
60; 84?560 CFA ;49?330?419 CFA;104;11.0;4;5.6094;325;marié;commerce;oui;1
62; 388?733 CFA ;19?220?027 CFA;69;12.88;1;0.7166;337;marié;commerce;non;1
49; 334?260 CFA ;23?784?856 CFA;120;12.38;5;0.593;541;célibataire;industrie;oui;0
28; 479?460 CFA ;9?205?956 CFA;68;9.53;1;0.2824;555;marié;agriculture;non;0
30; 182?717 CFA ;32?946?436 CFA;54;4.2;0;3.3391;593;célibataire;industrie;non;1
29; 228?595 CFA ;10?214?891 CFA;69;11.26;5;0.6476;502;célibataire;services;oui;0
33; 174?085 CFA ;25?758?148 CFA;37;5.9;4;3.999;575;marié;services;non;0
55; 429?862 CFA ;2?820?688 CFA;12;13.93;1;0.5468;587;célibataire;services;non;0
54; 331?400 CFA ;2?305?808 CFA;26;13.06;4;0.2676;501;marié;commerce;oui;0
44; 150?158 CFA ;10?209?175 CFA;25;11.51;5;2.7196;676;marié;agriculture;non;0
45; 234?245 CFA ;38?274?891 CFA;31;14.39;5;5.2709;592;célibataire;services;oui;0
58; 218?502 CFA ;38?590?551 CFA;73;3.38;1;2.4194;629;célibataire;commerce;non;1
56; 482?498 CFA ;31?549?883 CFA;115;11.83;4;0.5686;581;célibataire;services;non;0
65; 431?863 CFA ;21?292?686 CFA;91;6.96;2;0.5418;785;célibataire;commerce;oui;0
61; 380?388 CFA ;38?709?230 CFA;20;13.87;4;5.0881;634;marié;btp;oui;0
43; 192?766 CFA ;48?883?877 CFA;109;6.2;5;2.3265;526;marié;services;non;0
48; 368?408 CFA ;12?166?027 CFA;90;11.7;4;0.3669;657;célibataire;agriculture;oui;0
56; 107?545 CFA ;37?676?570 CFA;84;13.53;0;4.1706;411;célibataire;commerce;oui;0
22; 351?368 CFA ;11?429?084 CFA;91;3.5;2;0.3574;586;marié;industrie;oui;0
56; 410?089 CFA ;13?117?619 CFA;97;7.77;3;0.3298;606;marié;industrie;oui;0
58; 63?224 CFA ;18?215?057 CFA;19;12.15;0;15.1633;588;célibataire;commerce;oui;0
35; 90?738 CFA ;10?455?661 CFA;32;8.46;3;3.6009;541;célibataire;industrie;oui;0
24; 468?366 CFA ;44?359?585 CFA;110;6.21;1;0.861;473;marié;commerce;oui;0
22; 375?875 CFA ;21?209?657 CFA;45;5.64;3;1.2539;496;célibataire;commerce;non;1
26; 230?760 CFA ;35?261?500 CFA;63;4.58;4;2.4255;585;célibataire;industrie;oui;0
47; 289?690 CFA ;26?060?098 CFA;33;13.29;3;2.726;463;marié;industrie;oui;0
35; 189?649 CFA ;35?441?412 CFA;31;9.9;5;6.0284;752;marié;services;oui;0
60; 58?070 CFA ;45?299?034 CFA;118;3.92;0;6.6108;310;marié;industrie;oui;1
48; 176?161 CFA ;16?202?852 CFA;68;7.59;0;1.3526;542;marié;agriculture;oui;0
30; 58?666 CFA ;41?555?392 CFA;71;7.41;3;9.9766;586;marié;industrie;oui;1
36; 369?905 CFA ;31?573?264 CFA;30;5.18;0;2.8452;625;célibataire;commerce;oui;0
36; 348?512 CFA ;28?613?586 CFA;8;8.23;5;10.2628;483;célibataire;agriculture;non;0
47; 187?855 CFA ;44?836?333 CFA;77;6.99;0;3.0997;688;célibataire;agriculture;non;0
63; 91?914 CFA ;3?540?267 CFA;49;7.1;3;0.7861;435;célibataire;commerce;non;1
34; 251?579 CFA ;33?649?417 CFA;102;11.87;2;1.3113;518;marié;commerce;non;0
53; 177?738 CFA ;29?508?147 CFA;47;5.68;2;3.5324;637;marié;commerce;non;0
60; 296?965 CFA ;10?185?684 CFA;104;10.7;1;0.3298;679;divorcé;agriculture;oui;0
53; 379?670 CFA ;48?376?337 CFA;11;9.85;0;11.5833;434;marié;commerce;non;1
25; 488?981 CFA ;21?717?066 CFA;44;9.82;3;1.0094;839;célibataire;services;oui;0
51; 332?100 CFA ;8?036?765 CFA;57;10.96;0;0.4246;485;célibataire;commerce;non;0
58; 268?967 CFA ;46?158?328 CFA;28;9.58;4;6.129;443;marié;commerce;non;1
44; 358?384 CFA ;19?173?436 CFA;94;13.55;5;0.5691;625;marié;services;oui;0
60; 433?152 CFA ;37?193?176 CFA;55;11.11;0;1.5612;540;marié;industrie;oui;1
36; 480?364 CFA ;9?035?078 CFA;48;9.56;0;0.3919;525;marié;industrie;oui;0
64; 144?270 CFA ;7?435?774 CFA;24;12.96;2;2.1475;634;marié;commerce;non;1
50; 316?901 CFA ;18?644?439 CFA;74;10.27;5;0.795;422;marié;services;non;0
57; 69?097 CFA ;26?720?970 CFA;56;6.49;3;6.9057;404;célibataire;agriculture;non;1
34; 191?467 CFA ;19?705?297 CFA;16;5.49;0;6.4323;515;marié;agriculture;oui;0
53; 197?313 CFA ;46?087?883 CFA;17;4.83;2;13.7399;682;marié;commerce;non;0
28; 416?036 CFA ;4?773?445 CFA;79;13.79;1;0.1452;519;célibataire;industrie;oui;0
43; 208?768 CFA ;3?684?790 CFA;13;11.52;5;1.3577;734;marié;agriculture;non;1
49; 296?726 CFA ;33?634?205 CFA;29;14.25;2;3.9087;695;célibataire;agriculture;oui;0
23; 382?624 CFA ;47?980?620 CFA;97;10.24;2;1.2928;603;divorcé;agriculture;oui;0
63; 96?163 CFA ;13?029?971 CFA;46;8.68;2;2.9456;608;célibataire;industrie;oui;0
27; 69?816 CFA ;7?181?935 CFA;41;3.72;0;2.509;603;marié;services;non;1
49; 493?056 CFA ;10?463?441 CFA;106;11.06;0;0.2002;590;célibataire;commerce;non;0
49; 283?619 CFA ;7?189?142 CFA;90;9.99;1;0.2816;538;marié;services;oui;0
65; 364?997 CFA ;26?836?263 CFA;77;14.88;4;0.9549;549;célibataire;commerce;oui;0
65; 205?989 CFA ;5?490?961 CFA;60;5.87;4;0.4443;468;célibataire;services;non;0
41; 146?731 CFA ;4?146?804 CFA;14;9.37;4;2.0187;353;marié;agriculture;oui;0
51; 202?638 CFA ;1?147?296 CFA;52;10.81;5;0.1089;685;divorcé;industrie;non;0
32; 256?524 CFA ;3?622?951 CFA;20;10.74;5;0.7062;590;célibataire;commerce;oui;0
49; 112?823 CFA ;27?344?511 CFA;53;9.74;1;4.573;575;célibataire;services;oui;0
46; 201?878 CFA ;1?300?101 CFA;115;12.32;5;0.056;614;marié;agriculture;non;0
60; 256?592 CFA ;38?155?044 CFA;109;5.46;4;1.3642;492;marié;commerce;non;1
54; 51?759 CFA ;44?402?446 CFA;87;11.71;4;9.8606;474;divorcé;commerce;oui;0
22; 307?164 CFA ;23?155?061 CFA;47;10.44;2;1.6039;546;célibataire;commerce;oui;0
48; 485?165 CFA ;23?291?342 CFA;65;13.75;5;0.7386;711;marié;agriculture;non;0
34; 404?518 CFA ;22?515?777 CFA;89;13.17;0;0.6254;458;célibataire;industrie;oui;0
62; 183?554 CFA ;23?616?992 CFA;75;6.78;0;1.7155;312;célibataire;agriculture;non;1
24; 336?586 CFA ;43?407?958 CFA;17;6.31;2;7.5862;522;marié;services;oui;0
60; 476?935 CFA ;42?939?798 CFA;7;14.78;2;12.8618;689;marié;industrie;oui;0
27; 143?501 CFA ;31?055?353 CFA;12;9.33;2;18.0343;401;marié;services;non;1
29; 314?223 CFA ;49?346?793 CFA;85;13.88;0;1.8476;456;célibataire;services;non;1
48; 445?933 CFA ;8?621?757 CFA;8;4.97;4;2.4168;601;célibataire;services;oui;0
30; 109?676 CFA ;42?471?665 CFA;114;10.71;2;3.3969;831;célibataire;commerce;non;0
58; 471?168 CFA ;36?887?984 CFA;8;12.72;1;9.7863;439;divorcé;industrie;oui;0
54; 267?516 CFA ;12?320?569 CFA;32;14.37;2;1.4392;435;célibataire;commerce;oui;0
63; 223?532 CFA ;41?430?951 CFA;119;7.05;3;1.5575;608;célibataire;services;non;0
65; 140?397 CFA ;22?979?150 CFA;112;11.7;2;1.4614;695;célibataire;services;non;0
45; 122?847 CFA ;35?331?079 CFA;45;9.47;0;6.3912;512;marié;commerce;non;1
36; 143?607 CFA ;12?931?216 CFA;107;3.73;5;0.8416;412;célibataire;commerce;oui;1
53; 270?178 CFA ;16?540?922 CFA;38;11.28;2;1.6111;618;divorcé;commerce;oui;0
53; 199?521 CFA ;39?471?207 CFA;97;11.28;5;2.0395;636;célibataire;industrie;oui;0
45; 476?752 CFA ;9?204?813 CFA;6;14.17;3;3.2179;752;marié;btp;oui;0
62; 114?077 CFA ;20?421?696 CFA;13;8.97;1;13.7705;640;célibataire;commerce;non;0
33; 350?402 CFA ;29?961?504 CFA;106;5.76;5;0.8067;657;marié;services;oui;0
60; 229?374 CFA ;14?997?054 CFA;37;3.53;4;1.7671;548;divorcé;btp;non;0
23; 307?009 CFA ;11?819?247 CFA;53;7.99;2;0.7264;819;célibataire;agriculture;oui;0
24; 472?081 CFA ;14?413?140 CFA;112;6.62;3;0.2726;535;divorcé;agriculture;oui;0
58; 187?717 CFA ;46?548?559 CFA;106;12.13;3;2.3394;513;marié;services;oui;1
38; 431?915 CFA ;46?060?900 CFA;9;7.25;5;11.8493;755;divorcé;industrie;oui;0
23; 88?000 CFA ;21?217?501 CFA;99;14.39;1;2.4354;427;marié;industrie;oui;0
23; 76?737 CFA ;7?351?803 CFA;75;14.55;0;1.2774;390;célibataire;commerce;non;1
49; 323?629 CFA ;13?545?697 CFA;115;10.45;2;0.364;586;célibataire;agriculture;oui;0
44; 350?709 CFA ;48?620?511 CFA;24;14.14;3;5.7765;574;célibataire;commerce;non;1
58; 468?738 CFA ;6?242?533 CFA;37;12.13;1;0.3599;552;célibataire;agriculture;oui;0
53; 431?758 CFA ;24?601?438 CFA;14;9.56;4;4.07;674;célibataire;commerce;non;0
54; 377?299 CFA ;36?681?576 CFA;17;5.16;3;5.7189;484;célibataire;industrie;oui;0
22; 236?240 CFA ;30?838?208 CFA;16;8.5;1;8.1586;581;célibataire;agriculture;non;1
40; 102?487 CFA ;3?325?896 CFA;51;9.73;0;0.6363;538;marié;industrie;oui;0
23; 442?092 CFA ;38?991?224 CFA;21;13.37;0;4.1999;485;célibataire;commerce;non;0
65; 324?486 CFA ;49?370?063 CFA;6;8.78;3;25.3581;568;célibataire;services;non;0
47; 352?950 CFA ;10?927?148 CFA;68;13.77;3;0.4553;660;marié;agriculture;oui;0
53; 360?914 CFA ;5?376?872 CFA;114;11.09;5;0.1307;787;célibataire;commerce;oui;0
27; 128?623 CFA ;19?897?196 CFA;26;4.64;2;5.9498;632;célibataire;agriculture;oui;0
53; 415?321 CFA ;32?435?646 CFA;35;14.94;1;2.2314;323;célibataire;btp;non;1
25; 443?170 CFA ;17?998?600 CFA;18;9.33;3;2.2563;571;divorcé;industrie;oui;0
32; 387?773 CFA ;15?599?203 CFA;39;7.7;2;1.0315;579;marié;commerce;oui;0
38; 433?137 CFA ;42?962?817 CFA;9;10.91;5;11.0211;668;célibataire;agriculture;oui;0
59; 233?675 CFA ;16?820?131 CFA;33;4.31;2;2.1812;593;marié;btp;oui;0
45; 439?088 CFA ;49?219?461 CFA;107;10.64;3;1.0476;700;marié;commerce;non;0
26; 263?046 CFA ;3?387?698 CFA;100;8.98;0;0.1288;614;marié;agriculture;oui;0
55; 155?947 CFA ;47?619?813 CFA;64;7.88;1;4.7712;730;marié;services;non;0
27; 338?543 CFA ;46?673?665 CFA;32;14.44;1;4.3083;531;marié;btp;non;1
43; 178?177 CFA ;12?917?420 CFA;74;9.27;0;0.9797;589;célibataire;agriculture;oui;0
32; 266?454 CFA ;4?531?464 CFA;30;5.63;3;0.5669;657;célibataire;agriculture;non;0
37; 159?575 CFA ;20?667?958 CFA;8;8.51;1;16.1898;517;marié;btp;oui;0
54; 423?048 CFA ;41?412?236 CFA;102;14.03;3;0.9597;495;marié;agriculture;non;0
30; 257?606 CFA ;23?410?282 CFA;73;5.11;5;1.2449;512;marié;agriculture;oui;0
27; 498?322 CFA ;3?387?296 CFA;30;5.57;3;0.2266;500;marié;services;non;0
37; 342?822 CFA ;47?031?927 CFA;25;3.16;2;5.4876;627;divorcé;industrie;oui;0
50; 126?218 CFA ;36?791?014 CFA;39;3.17;0;7.474;391;célibataire;commerce;oui;0
24; 113?230 CFA ;25?233?272 CFA;31;12.95;3;7.1887;419;marié;btp;oui;1
41; 295?756 CFA ;1?600?500 CFA;10;11.79;5;0.5412;761;marié;services;oui;0
57; 386?199 CFA ;22?871?392 CFA;104;7.26;4;0.5694;502;divorcé;agriculture;non;0
40; 499?589 CFA ;30?936?427 CFA;66;11.38;0;0.9382;595;divorcé;btp;oui;0
47; 212?552 CFA ;2?461?977 CFA;97;7.74;1;0.1194;426;marié;commerce;non;0
24; 384?402 CFA ;24?327?142 CFA;98;14.43;2;0.6458;584;célibataire;commerce;oui;0
40; 89?986 CFA ;4?532?654 CFA;14;14.6;1;3.5979;503;marié;services;non;0
41; 205?232 CFA ;34?718?900 CFA;107;7.71;5;1.581;418;célibataire;commerce;oui;1
53; 397?739 CFA ;23?777?458 CFA;55;13.25;5;1.0869;708;marié;agriculture;oui;0
28; 151?358 CFA ;7?478?140 CFA;11;12.28;1;4.4915;693;divorcé;agriculture;oui;1
62; 377?073 CFA ;48?576?248 CFA;88;6.72;0;1.4639;564;célibataire;commerce;non;0
54; 123?506 CFA ;12?248?768 CFA;65;5.78;1;1.5258;674;marié;industrie;oui;0
61; 84?911 CFA ;14?111?312 CFA;49;8.5;3;3.3916;765;célibataire;services;non;0
60; 399?271 CFA ;30?218?818 CFA;16;12.38;1;4.7303;650;célibataire;btp;non;0
39; 475?037 CFA ;37?091?531 CFA;71;14.52;2;1.0997;622;célibataire;commerce;oui;0
61; 256?111 CFA ;46?438?649 CFA;52;12.16;2;3.487;594;marié;commerce;non;1
22; 425?597 CFA ;38?882?858 CFA;113;13.26;4;0.8085;639;divorcé;agriculture;oui;0
32; 134?458 CFA ;42?155?138 CFA;113;10.24;2;2.7745;538;divorcé;agriculture;oui;1
49; 62?175 CFA ;8?879?341 CFA;78;13.02;1;1.8309;547;célibataire;commerce;non;0
46; 431?379 CFA ;43?945?065 CFA;90;12.41;2;1.1319;620;marié;industrie;non;0
44; 366?915 CFA ;40?633?569 CFA;93;7.52;0;1.1908;527;marié;btp;non;0
52; 439?301 CFA ;45?034?701 CFA;103;9.62;2;0.9953;538;célibataire;btp;oui;0
51; 171?300 CFA ;2?412?584 CFA;91;12.66;3;0.1548;575;célibataire;agriculture;oui;0
63; 136?925 CFA ;21?054?754 CFA;8;3.55;0;19.2211;690;célibataire;industrie;oui;0
56; 294?446 CFA ;48?232?820 CFA;81;12.7;4;2.0223;461;divorcé;commerce;non;1
28; 116?358 CFA ;17?502?265 CFA;97;5.13;3;1.5507;650;marié;agriculture;oui;0
37; 460?543 CFA ;15?346?767 CFA;35;9.18;1;0.9521;654;marié;industrie;non;0
47; 97?057 CFA ;15?177?441 CFA;95;12.7;1;1.6461;653;célibataire;services;oui;0
23; 318?294 CFA ;45?304?549 CFA;117;6.05;1;1.2165;494;marié;agriculture;oui;0
22; 316?569 CFA ;34?801?851 CFA;26;5.95;3;4.2282;405;célibataire;commerce;oui;0
33; 304?726 CFA ;43?522?964 CFA;33;7.83;3;4.3281;630;célibataire;commerce;oui;0
26; 328?176 CFA ;5?938?684 CFA;95;13.74;3;0.1905;593;marié;services;oui;0
58; 52?198 CFA ;22?815?019 CFA;67;3.01;0;6.5237;675;célibataire;commerce;non;1
53; 234?466 CFA ;36?435?364 CFA;38;13.82;5;4.0894;504;marié;btp;non;0
30; 463?295 CFA ;35?709?185 CFA;90;4.85;0;0.8564;651;célibataire;agriculture;oui;0
62; 217?292 CFA ;47?739?471 CFA;40;14.88;1;5.4925;680;marié;commerce;oui;1
56; 485?090 CFA ;9?293?380 CFA;57;14.46;5;0.3361;565;célibataire;commerce;oui;0
40; 194?931 CFA ;10?604?107 CFA;39;8.94;2;1.3949;616;marié;commerce;non;0
37; 493?676 CFA ;34?625?539 CFA;46;9.15;1;1.5247;613;célibataire;commerce;oui;0
24; 212?491 CFA ;16?564?554 CFA;56;8.78;4;1.392;492;célibataire;services;non;1
41; 431?009 CFA ;11?405?942 CFA;52;10.63;0;0.5089;628;divorcé;industrie;oui;0
45; 451?921 CFA ;2?586?213 CFA;87;4.09;3;0.0658;737;célibataire;btp;oui;0
54; 486?096 CFA ;10?802?330 CFA;63;3.39;0;0.3527;577;marié;industrie;non;0
45; 310?910 CFA ;24?591?050 CFA;80;3.69;3;0.9887;428;divorcé;industrie;oui;0
32; 73?236 CFA ;11?699?468 CFA;62;8.33;5;2.5766;506;célibataire;services;oui;0
29; 137?955 CFA ;42?991?924 CFA;28;6.31;4;11.1299;397;célibataire;industrie;oui;0
57; 266?586 CFA ;36?053?686 CFA;53;10.46;5;2.5517;704;marié;commerce;oui;1
59; 153?145 CFA ;39?099?274 CFA;27;14.91;4;9.4559;651;divorcé;commerce;oui;0
61; 196?430 CFA ;32?982?294 CFA;22;7.64;0;7.6322;524;divorcé;commerce;non;1
41; 280?785 CFA ;26?653?295 CFA;74;9.89;3;1.2828;433;marié;commerce;non;1
56; 144?914 CFA ;29?919?310 CFA;113;7.99;5;1.8271;491;marié;commerce;oui;0
46; 415?014 CFA ;38?210?964 CFA;16;13.17;4;5.7545;511;célibataire;btp;non;0
56; 257?990 CFA ;32?306?587 CFA;99;13.83;1;1.2649;585;divorcé;commerce;oui;0
46; 428?387 CFA ;7?092?910 CFA;20;13.53;1;0.8279;582;divorcé;agriculture;oui;0
50; 64?596 CFA ;39?615?544 CFA;96;14.69;5;6.3884;709;célibataire;commerce;oui;0
39; 476?788 CFA ;22?660?074 CFA;40;3.33;3;1.1882;505;célibataire;agriculture;oui;0
39; 182?351 CFA ;22?294?866 CFA;38;13.08;5;3.2175;424;célibataire;agriculture;oui;0
23; 244?269 CFA ;41?964?131 CFA;89;12.02;0;1.9303;459;célibataire;agriculture;non;1
56; 423?640 CFA ;45?310?380 CFA;21;5.74;4;5.0931;572;marié;commerce;oui;0
37; 442?417 CFA ;34?312?949 CFA;39;14.48;0;1.9887;502;célibataire;commerce;oui;0
62; 188?155 CFA ;30?815?282 CFA;71;4.78;1;2.3067;545;célibataire;industrie;oui;0
57; 170?674 CFA ;33?445?953 CFA;104;11.15;4;1.8843;529;célibataire;services;non;1
54; 432?451 CFA ;43?800?173 CFA;45;5.7;5;2.2507;674;divorcé;commerce;non;0
25; 307?529 CFA ;6?928?540 CFA;33;8.18;0;0.6827;516;marié;commerce;oui;0
54; 290?469 CFA ;34?759?907 CFA;52;11.63;2;2.3013;537;célibataire;commerce;oui;0
35; 460?987 CFA ;29?605?135 CFA;44;9.76;3;1.4596;646;célibataire;industrie;oui;1
42; 473?191 CFA ;32?539?284 CFA;75;8.13;3;0.9169;518;divorcé;agriculture;oui;0
41; 488?864 CFA ;16?060?243 CFA;78;6.92;2;0.4212;617;marié;agriculture;oui;0
29; 306?713 CFA ;45?231?930 CFA;25;13.08;1;5.8989;608;célibataire;industrie;oui;0
28; 491?501 CFA ;33?703?868 CFA;6;4.73;4;11.4289;589;célibataire;commerce;oui;0
24; 69?063 CFA ;26?917?902 CFA;77;8.16;3;5.0618;461;célibataire;agriculture;oui;0
38; 117?642 CFA ;4?838?843 CFA;92;13.85;2;0.4471;697;célibataire;agriculture;oui;0
54; 140?093 CFA ;34?478?658 CFA;68;13.15;5;3.6193;797;marié;btp;non;0
33; 267?215 CFA ;12?556?199 CFA;72;7.81;2;0.6526;575;divorcé;industrie;non;0
43; 480?815 CFA ;49?897?865 CFA;9;12.16;1;11.5309;470;marié;services;oui;0
43; 232?992 CFA ;4?617?923 CFA;63;12.88;1;0.3146;577;marié;commerce;oui;0
51; 209?601 CFA ;40?358?177 CFA;30;13.67;0;6.4183;673;célibataire;commerce;oui;1
59; 85?954 CFA ;30?560?464 CFA;52;9.53;3;6.8374;513;marié;btp;oui;1
59; 77?856 CFA ;34?753?388 CFA;43;5.45;0;10.3809;562;marié;btp;non;1
29; 52?573 CFA ;31?849?379 CFA;20;6.06;2;30.2906;609;célibataire;agriculture;oui;0
48; 85?367 CFA ;46?344?569 CFA;68;6.55;4;7.9836;695;célibataire;industrie;non;1
48; 287?804 CFA ;29?946?493 CFA;26;10.13;4;4.002;652;marié;agriculture;non;0
55; 411?752 CFA ;40?333?034 CFA;104;3.39;1;0.9419;656;célibataire;agriculture;oui;0
42; 372?918 CFA ;40?197?758 CFA;62;10.63;4;1.7386;532;célibataire;services;oui;0
51; 73?752 CFA ;675?211 CFA;58;7.37;4;0.1578;615;marié;commerce;oui;0
54; 367?173 CFA ;41?574?249 CFA;51;6.54;4;2.2202;502;divorcé;btp;oui;0
49; 198?757 CFA ;12?981?574 CFA;19;13.55;2;3.4376;659;marié;agriculture;oui;0
54; 442?426 CFA ;41?467?052 CFA;105;8.52;4;0.8926;690;marié;commerce;oui;0
26; 363?837 CFA ;25?931?622 CFA;81;4.14;5;0.8799;630;célibataire;btp;non;1
40; 166?739 CFA ;21?168?329 CFA;22;12.92;4;5.7707;538;marié;btp;oui;0
25; 368?105 CFA ;28?686?921 CFA;44;3.57;4;1.7712;554;marié;agriculture;oui;1
56; 288?009 CFA ;49?902?807 CFA;14;11.72;0;12.3763;755;marié;commerce;non;1
38; 306?028 CFA ;42?598?723 CFA;104;12.29;2;1.3384;539;célibataire;services;non;0
65; 257?980 CFA ;11?892?083 CFA;82;7.23;1;0.5622;679;marié;agriculture;oui;0
49; 306?609 CFA ;38?785?173 CFA;84;12.9;0;1.5059;608;marié;btp;non;0
51; 438?822 CFA ;39?659?558 CFA;87;9.19;3;1.0388;541;célibataire;btp;oui;0
50; 386?676 CFA ;14?452?821 CFA;120;8.56;2;0.3115;440;célibataire;agriculture;oui;0
27; 394?138 CFA ;14?894?752 CFA;102;3.54;5;0.3705;596;célibataire;agriculture;oui;0
56; 368?277 CFA ;47?204?300 CFA;11;6.48;2;11.6524;584;célibataire;agriculture;oui;0
62; 373?412 CFA ;35?509?897 CFA;96;14.17;3;0.9906;755;marié;btp;non;0
58; 481?459 CFA ;13?081?422 CFA;28;7.7;3;0.9704;488;célibataire;agriculture;non;0
45; 238?456 CFA ;11?598?252 CFA;64;9.56;3;0.76;804;célibataire;commerce;non;0
50; 81?653 CFA ;34?266?262 CFA;96;9.38;1;4.3714;612;marié;commerce;oui;0
52; 207?729 CFA ;29?228?437 CFA;103;10.09;4;1.3661;612;célibataire;services;oui;0
56; 483?168 CFA ;40?041?461 CFA;51;3.74;2;1.625;515;marié;agriculture;oui;0
54; 465?396 CFA ;40?571?048 CFA;43;7.35;4;2.0273;606;célibataire;agriculture;oui;0
42; 278?504 CFA ;38?810?408 CFA;19;11.68;4;7.3344;622;divorcé;btp;non;1
53; 171?829 CFA ;26?187?822 CFA;105;5.41;5;1.4515;668;marié;btp;non;1
44; 178?377 CFA ;7?397?673 CFA;77;5.44;3;0.5386;477;marié;industrie;oui;0
54; 51?622 CFA ;12?948?727 CFA;67;3.12;1;3.7438;715;célibataire;agriculture;oui;0
24; 98?756 CFA ;21?023?385 CFA;40;8.25;5;5.3221;611;marié;commerce;oui;0
39; 90?809 CFA ;6?502?296 CFA;24;13.59;0;2.9835;635;célibataire;services;oui;1
46; 66?725 CFA ;40?864?615 CFA;35;3.62;1;17.4981;552;célibataire;commerce;oui;0
63; 242?468 CFA ;19?052?983 CFA;83;5.29;4;0.9467;482;célibataire;btp;oui;0
52; 101?226 CFA ;42?038?255 CFA;89;6.72;1;4.6662;582;marié;services;oui;1
24; 131?182 CFA ;42?427?728 CFA;118;11.78;3;2.7409;593;marié;agriculture;oui;0
61; 79?402 CFA ;11?218?361 CFA;30;10.69;0;4.7095;436;marié;btp;oui;0
45; 54?263 CFA ;24?745?082 CFA;45;7.99;3;10.1338;654;célibataire;btp;oui;1
53; 277?595 CFA ;22?771?555 CFA;93;12.11;0;0.8821;674;célibataire;agriculture;non;1
43; 227?900 CFA ;39?932?241 CFA;19;10.32;5;9.222;502;marié;commerce;oui;1
44; 97?924 CFA ;43?940?658 CFA;31;13.75;4;14.4749;472;célibataire;commerce;non;1
23; 386?326 CFA ;32?386?947 CFA;107;12.82;0;0.7835;544;marié;commerce;oui;0
48; 274?137 CFA ;8?502?619 CFA;92;6.03;0;0.3371;577;célibataire;agriculture;oui;0
63; 454?880 CFA ;49?032?681 CFA;27;6.26;0;3.9923;548;marié;services;oui;0
23; 347?881 CFA ;8?167?857 CFA;53;4.5;1;0.443;568;marié;btp;oui;0
47; 413?476 CFA ;4?928?690 CFA;88;7.04;5;0.1355;597;célibataire;commerce;non;0
38; 401?707 CFA ;39?493?865 CFA;115;14.99;1;0.8549;438;célibataire;agriculture;oui;0
61; 210?445 CFA ;9?389?782 CFA;56;7.87;4;0.7968;449;marié;services;non;1
54; 217?469 CFA ;36?936?209 CFA;8;5.65;0;21.2307;302;marié;commerce;non;1
30; 440?719 CFA ;4?196?176 CFA;47;12.15;5;0.2026;669;célibataire;industrie;oui;0
64; 151?371 CFA ;11?232?002 CFA;24;9.51;5;3.0917;576;célibataire;commerce;oui;1
60; 88?709 CFA ;42?954?123 CFA;78;4.8;2;6.2079;679;marié;agriculture;non;1
50; 242?192 CFA ;15?197?697 CFA;33;7.57;4;1.9015;461;marié;agriculture;oui;0
63; 200?322 CFA ;18?289?600 CFA;89;7.97;5;1.0259;577;célibataire;industrie;non;1
47; 71?172 CFA ;18?144?180 CFA;50;12.05;0;5.0987;596;marié;commerce;oui;0
56; 61?555 CFA ;8?937?712 CFA;76;3.25;0;1.9105;518;célibataire;industrie;oui;1
46; 103?276 CFA ;28?722?101 CFA;83;6.23;5;3.3507;419;marié;agriculture;oui;0
45; 107?492 CFA ;34?918?095 CFA;68;9.21;1;4.7771;749;célibataire;commerce;oui;0
34; 234?074 CFA ;6?283?182 CFA;78;6.23;4;0.3441;714;divorcé;commerce;non;0
28; 306?010 CFA ;49?875?650 CFA;24;10.54;0;6.7911;536;marié;btp;oui;0
57; 401?743 CFA ;13?647?590 CFA;52;8.78;5;0.6533;626;marié;btp;non;0
41; 272?320 CFA ;30?065?896 CFA;19;7.34;0;5.8109;526;marié;agriculture;oui;0
22; 467?978 CFA ;1?706?861 CFA;43;14.39;5;0.0848;475;divorcé;commerce;oui;0
29; 61?046 CFA ;30?631?276 CFA;58;10.59;4;8.6513;757;marié;agriculture;oui;0
37; 278?071 CFA ;3?619?612 CFA;66;4.56;5;0.1972;409;marié;commerce;oui;0
35; 428?165 CFA ;5?436?600 CFA;41;9.72;2;0.3097;546;marié;commerce;oui;0
33; 471?985 CFA ;15?148?065 CFA;45;12.37;5;0.7132;583;marié;btp;oui;0
44; 234?374 CFA ;38?790?751 CFA;86;11.5;5;1.9245;740;marié;btp;non;1
36; 466?366 CFA ;49?633?346 CFA;35;5.07;4;3.0407;664;célibataire;commerce;oui;0
49; 316?997 CFA ;14?660?134 CFA;14;14.67;5;3.3034;407;marié;commerce;oui;0
55; 170?900 CFA ;33?333?108 CFA;69;8.39;4;2.8267;574;célibataire;industrie;non;1
23; 465?008 CFA ;17?534?897 CFA;38;4.91;2;0.9923;577;divorcé;industrie;non;1
53; 109?129 CFA ;22?906?697 CFA;57;5.16;4;3.6825;552;célibataire;agriculture;oui;0
44; 287?091 CFA ;27?664?021 CFA;94;4.18;0;1.0251;636;divorcé;commerce;oui;0
43; 255?550 CFA ;36?109?212 CFA;19;12.64;4;7.4368;434;marié;commerce;non;0
46; 294?883 CFA ;25?268?424 CFA;80;4.46;2;1.0711;534;marié;agriculture;oui;1
43; 164?130 CFA ;21?700?624 CFA;58;4.5;3;2.2796;622;marié;agriculture;oui;0
43; 475?203 CFA ;1?342?186 CFA;104;13.21;5;0.0272;642;célibataire;agriculture;oui;0
63; 196?922 CFA ;30?053?638 CFA;110;7.14;4;1.3874;589;célibataire;services;non;1
27; 455?328 CFA ;15?078?363 CFA;64;3.37;5;0.5174;546;célibataire;commerce;oui;0
36; 171?789 CFA ;27?159?117 CFA;83;3.62;1;1.9048;563;marié;agriculture;non;1
64; 205?130 CFA ;44?994?354 CFA;99;4.71;0;2.2156;649;célibataire;agriculture;oui;1
58; 226?492 CFA ;41?170?787 CFA;46;5.56;0;3.9516;578;marié;industrie;non;0
54; 88?890 CFA ;24?503?801 CFA;73;10.98;1;3.7762;470;célibataire;industrie;oui;1
29; 116?017 CFA ;39?593?349 CFA;73;4.89;1;4.675;451;célibataire;commerce;oui;0
65; 228?376 CFA ;1?624?905 CFA;97;4.43;4;0.0734;426;célibataire;commerce;non;0
65; 213?993 CFA ;37?160?390 CFA;13;12.18;1;13.3579;720;divorcé;btp;oui;0
26; 182?596 CFA ;30?555?020 CFA;7;11.05;3;23.9052;655;marié;agriculture;oui;0
60; 150?424 CFA ;6?059?277 CFA;110;8.22;5;0.3662;564;célibataire;agriculture;oui;0
25; 327?192 CFA ;32?855?047 CFA;115;9.59;5;0.8732;529;marié;commerce;oui;1
27; 478?327 CFA ;20?535?300 CFA;91;6.74;2;0.4718;517;célibataire;agriculture;oui;0
53; 218?976 CFA ;15?815?296 CFA;46;8.79;1;1.5701;684;divorcé;commerce;non;0
51; 367?056 CFA ;9?093?059 CFA;60;9.08;1;0.4129;765;marié;btp;oui;0
56; 84?008 CFA ;19?257?506 CFA;21;7.65;3;10.9159;514;célibataire;services;oui;1
61; 443?276 CFA ;45?867?368 CFA;98;13.88;0;1.0559;688;marié;commerce;oui;0
37; 255?738 CFA ;47?192?999 CFA;67;3.19;0;2.7543;577;célibataire;btp;non;1
34; 133?559 CFA ;33?060?480 CFA;118;12.39;5;2.0978;553;divorcé;agriculture;non;0
63; 105?337 CFA ;34?457?754 CFA;53;4.49;5;6.1721;725;célibataire;agriculture;oui;1
51; 422?760 CFA ;48?802?504 CFA;35;12.57;4;3.2982;573;marié;services;oui;0
40; 325?494 CFA ;33?918?214 CFA;17;10.39;3;6.1297;604;célibataire;services;non;1
38; 74?354 CFA ;30?237?667 CFA;40;13.12;2;10.1668;599;marié;agriculture;oui;0
40; 95?186 CFA ;21?588?012 CFA;16;4.17;2;14.1749;412;marié;commerce;non;0
49; 78?145 CFA ;15?252?304 CFA;69;9.71;3;2.8287;603;marié;services;non;0
47; 477?236 CFA ;16?555?099 CFA;115;9.01;2;0.3016;518;marié;services;non;0
58; 136?123 CFA ;22?458?273 CFA;55;11.47;0;2.9997;432;marié;services;oui;0
47; 256?258 CFA ;15?452?964 CFA;90;9.41;2;0.67;523;célibataire;commerce;non;0
44; 266?541 CFA ;32?418?507 CFA;26;9.49;2;4.678;522;célibataire;agriculture;non;1
30; 70?581 CFA ;38?132?148 CFA;74;8.16;3;7.3008;677;célibataire;commerce;oui;0
33; 138?929 CFA ;24?218?663 CFA;53;6.71;3;3.2891;468;divorcé;agriculture;oui;1
22; 335?195 CFA ;22?314?501 CFA;25;8.79;2;2.6629;496;célibataire;btp;oui;0
22; 101?474 CFA ;44?533?585 CFA;106;4.42;1;4.1403;598;marié;commerce;oui;0
55; 141?748 CFA ;35?963?234 CFA;72;14.54;3;3.5238;442;marié;commerce;oui;0
53; 175?995 CFA ;7?834?901 CFA;49;11.57;4;0.9085;509;célibataire;industrie;oui;0
46; 295?690 CFA ;16?535?897 CFA;38;14.43;4;1.4717;408;célibataire;commerce;oui;1
61; 381?770 CFA ;21?446?178 CFA;78;5.72;0;0.7202;667;célibataire;commerce;oui;0
22; 319?104 CFA ;12?632?693 CFA;66;13.55;2;0.5998;544;célibataire;industrie;oui;0
37; 478?988 CFA ;23?967?137 CFA;14;12.71;1;3.5741;573;célibataire;industrie;non;0
60; 464?736 CFA ;42?437?622 CFA;73;11.13;0;1.2509;666;célibataire;services;non;0
26; 230?553 CFA ;15?431?115 CFA;40;10.5;2;1.6733;502;marié;agriculture;oui;0
43; 86?408 CFA ;24?505?377 CFA;86;6.8;3;3.2977;543;divorcé;services;oui;1
50; 406?150 CFA ;15?829?893 CFA;103;12.8;4;0.3784;469;célibataire;industrie;oui;0
24; 309?568 CFA ;47?351?280 CFA;93;9.02;5;1.6447;469;célibataire;agriculture;non;1
33; 369?278 CFA ;48?197?698 CFA;101;3.85;1;1.2923;482;célibataire;agriculture;non;1
47; 201?563 CFA ;38?520?566 CFA;70;6.75;5;2.7301;525;marié;industrie;non;0
37; 182?413 CFA ;23?884?179 CFA;13;14.22;4;10.0719;536;marié;agriculture;oui;1
58; 225?695 CFA ;10?593?205 CFA;50;13.21;5;0.9387;603;célibataire;industrie;non;0
43; 140?327 CFA ;46?208?729 CFA;92;14.78;3;3.5793;485;célibataire;commerce;oui;0
50; 443?554 CFA ;19?828?547 CFA;52;10.54;2;0.8597;606;marié;commerce;non;0
35; 252?503 CFA ;37?182?180 CFA;45;5.97;3;3.2723;623;marié;agriculture;oui;0
49; 193?326 CFA ;15?222?892 CFA;81;4.95;5;0.9721;528;célibataire;industrie;non;1
26; 232?932 CFA ;43?278?076 CFA;59;5.24;3;3.1491;494;marié;commerce;oui;0
51; 61?344 CFA ;11?258?430 CFA;81;3.24;4;2.2658;583;célibataire;commerce;non;1
26; 444?966 CFA ;21?278?286 CFA;51;7.69;1;0.9376;554;célibataire;services;non;0
33; 497?972 CFA ;20?161?007 CFA;52;5.3;3;0.7786;597;marié;services;oui;0
37; 117?957 CFA ;14?363?529 CFA;20;7.94;4;6.0885;731;marié;btp;oui;0
47; 155?423 CFA ;13?069?021 CFA;110;14.22;1;0.7644;581;célibataire;commerce;non;1
47; 370?197 CFA ;3?996?605 CFA;24;8.17;2;0.4498;511;divorcé;commerce;oui;0
42; 196?968 CFA ;40?470?870 CFA;31;13.54;5;6.628;485;célibataire;btp;oui;0
60; 236?833 CFA ;26?971?311 CFA;57;10.27;2;1.998;489;marié;services;oui;0
57; 243?624 CFA ;5?811?499 CFA;98;5.97;0;0.2434;428;marié;commerce;oui;0
54; 301?147 CFA ;16?913?328 CFA;27;7.27;4;2.0801;668;marié;agriculture;oui;0
51; 127?454 CFA ;17?585?839 CFA;109;4.01;1;1.2659;351;divorcé;industrie;oui;0
58; 307?594 CFA ;37?701?803 CFA;26;7.0;3;4.7142;623;célibataire;commerce;oui;0
44; 402?744 CFA ;26?856?226 CFA;56;11.13;2;1.1908;488;divorcé;services;oui;0
31; 434?876 CFA ;23?275?439 CFA;43;3.87;1;1.2447;523;marié;commerce;non;1
26; 471?151 CFA ;32?825?149 CFA;25;5.46;4;2.7868;485;marié;agriculture;non;1
57; 87?641 CFA ;1?647?116 CFA;34;7.58;0;0.5528;719;célibataire;services;non;0
55; 79?711 CFA ;45?399?606 CFA;56;14.78;2;10.1706;576;marié;agriculture;oui;0
52; 382?486 CFA ;37?827?195 CFA;9;12.42;5;10.9887;654;marié;commerce;non;1
31; 419?040 CFA ;23?755?666 CFA;60;11.8;1;0.9448;705;célibataire;commerce;oui;0
40; 193?254 CFA ;19?403?669 CFA;76;4.39;5;1.3211;591;divorcé;commerce;oui;0
53; 137?833 CFA ;35?325?732 CFA;97;12.37;1;2.6422;455;célibataire;services;non;0
22; 368?420 CFA ;12?548?339 CFA;33;12.42;1;1.0321;552;célibataire;industrie;non;1
26; 331?685 CFA ;22?515?847 CFA;9;10.21;4;7.5426;500;marié;industrie;non;1
25; 406?601 CFA ;13?276?695 CFA;27;14.88;4;1.2094;524;marié;agriculture;non;1
37; 94?813 CFA ;37?896?843 CFA;81;6.9;4;4.9346;565;marié;agriculture;oui;0
45; 218?270 CFA ;40?364?640 CFA;50;14.3;3;3.6986;561;célibataire;commerce;oui;0
37; 189?892 CFA ;23?404?980 CFA;72;13.98;1;1.7119;616;divorcé;btp;non;0
23; 336?214 CFA ;30?767?797 CFA;91;3.14;2;1.0056;630;célibataire;industrie;oui;0
49; 454?338 CFA ;47?742?193 CFA;113;8.4;5;0.9299;561;célibataire;industrie;oui;0
53; 392?703 CFA ;29?070?055 CFA;71;14.73;4;1.0426;615;célibataire;commerce;non;0
48; 254?615 CFA ;23?136?262 CFA;93;4.24;4;0.9771;520;marié;commerce;non;1
41; 91?786 CFA ;23?311?423 CFA;39;9.57;5;6.5122;706;divorcé;commerce;oui;0
45; 276?006 CFA ;12?154?304 CFA;96;14.75;5;0.4587;518;marié;agriculture;non;0
33; 280?876 CFA ;29?870?827 CFA;60;9.67;1;1.7725;694;marié;agriculture;non;1
56; 449?953 CFA ;3?841?861 CFA;110;5.28;4;0.0776;427;célibataire;btp;non;0
54; 348?206 CFA ;13?616?915 CFA;6;9.99;5;6.5177;536;marié;agriculture;oui;0
54; 497?453 CFA ;24?636?417 CFA;77;5.45;3;0.6432;541;marié;agriculture;oui;0
64; 363?715 CFA ;3?115?804 CFA;92;9.24;3;0.0931;602;marié;agriculture;oui;0
58; 337?654 CFA ;21?589?933 CFA;43;3.89;4;1.487;661;célibataire;btp;oui;0
33; 331?570 CFA ;36?036?675 CFA;11;10.27;5;9.8805;450;marié;services;oui;0
24; 87?265 CFA ;27?357?952 CFA;91;9.2;1;3.4451;464;marié;services;oui;0
22; 461?066 CFA ;37?468?086 CFA;30;11.88;1;2.7088;434;marié;btp;oui;0
54; 299?321 CFA ;3?770?209 CFA;87;10.57;1;0.1448;707;marié;commerce;non;0
61; 116?150 CFA ;25?881?224 CFA;22;9.6;0;10.1284;604;célibataire;services;oui;0
31; 137?312 CFA ;41?378?420 CFA;66;11.28;4;4.5658;466;marié;agriculture;non;0
64; 139?613 CFA ;11?545?633 CFA;17;4.73;1;4.8646;530;célibataire;agriculture;non;0
65; 387?054 CFA ;20?601?880 CFA;11;10.14;3;4.8389;693;marié;industrie;oui;1
50; 364?519 CFA ;30?252?264 CFA;95;5.07;5;0.8736;547;marié;industrie;non;0
34; 171?826 CFA ;42?265?312 CFA;32;14.11;2;7.6868;541;célibataire;commerce;oui;0
33; 85?435 CFA ;37?648?490 CFA;13;3.82;2;33.8976;496;divorcé;commerce;oui;0
52; 408?587 CFA ;27?801?043 CFA;88;8.16;1;0.7732;472;marié;commerce;non;1
23; 260?017 CFA ;42?172?086 CFA;111;11.35;2;1.4612;693;célibataire;agriculture;oui;0
56; 184?055 CFA ;21?489?593 CFA;70;8.5;2;1.6679;742;marié;agriculture;non;1
44; 201?734 CFA ;29?896?163 CFA;62;4.11;0;2.3903;476;célibataire;agriculture;oui;1
38; 335?654 CFA ;733?782 CFA;98;9.64;3;0.0223;715;marié;commerce;non;0
47; 259?259 CFA ;24?183?333 CFA;114;10.7;3;0.8182;526;marié;industrie;oui;0
29; 222?070 CFA ;22?086?325 CFA;118;11.45;0;0.8429;628;divorcé;commerce;non;1
50; 144?071 CFA ;33?927?797 CFA;104;7.48;0;2.2644;716;marié;agriculture;oui;0
47; 318?784 CFA ;18?003?547 CFA;45;9.76;2;1.255;560;marié;commerce;non;1
31; 356?691 CFA ;33?463?684 CFA;19;8.41;4;4.9377;542;marié;industrie;non;0
47; 366?764 CFA ;2?294?291 CFA;40;11.06;5;0.1564;655;célibataire;agriculture;oui;0
55; 196?389 CFA ;23?630?601 CFA;53;10.0;5;2.2703;464;marié;agriculture;non;0
62; 165?608 CFA ;5?452?075 CFA;114;9.31;2;0.2888;689;marié;commerce;oui;0
28; 319?708 CFA ;37?953?038 CFA;89;5.99;5;1.3338;589;célibataire;services;non;1
25; 208?417 CFA ;28?648?272 CFA;61;3.02;0;2.2534;517;célibataire;services;oui;0
32; 163?824 CFA ;30?527?817 CFA;54;5.09;3;3.4508;514;marié;industrie;non;1
50; 304?444 CFA ;36?932?549 CFA;18;4.4;5;6.7395;436;marié;btp;non;1
57; 129?273 CFA ;21?758?833 CFA;66;8.39;2;2.5503;521;célibataire;industrie;oui;0
46; 387?003 CFA ;13?170?380 CFA;107;10.35;4;0.3181;548;célibataire;services;oui;0
42; 261?837 CFA ;24?651?842 CFA;54;5.56;2;1.7435;468;célibataire;commerce;oui;1
57; 160?017 CFA ;10?931?645 CFA;51;14.27;1;1.3395;570;marié;agriculture;non;0
31; 173?618 CFA ;13?274?615 CFA;118;3.08;2;0.648;622;célibataire;btp;oui;1
58; 495?609 CFA ;5?787?913 CFA;67;12.27;0;0.1743;553;marié;commerce;oui;0
30; 175?341 CFA ;37?787?581 CFA;13;10.5;3;16.5776;641;célibataire;agriculture;non;0
45; 341?574 CFA ;11?976?429 CFA;48;7.48;3;0.7305;494;marié;services;oui;0
56; 256?604 CFA ;39?371?173 CFA;25;3.61;5;6.1373;675;célibataire;commerce;non;0
56; 77?788 CFA ;3?304?802 CFA;102;10.53;0;0.4165;587;marié;services;oui;0
57; 276?577 CFA ;38?211?695 CFA;95;7.63;1;1.4543;729;célibataire;services;oui;0
39; 491?759 CFA ;38?542?630 CFA;44;14.24;0;1.7813;816;marié;commerce;non;0
60; 457?135 CFA ;34?018?515 CFA;90;9.5;2;0.8269;527;célibataire;industrie;oui;0
53; 381?490 CFA ;27?279?149 CFA;54;14.28;0;1.3242;532;marié;commerce;oui;1
45; 408?266 CFA ;12?501?352 CFA;69;5.65;0;0.4438;550;marié;commerce;non;0
44; 89?974 CFA ;43?569?838 CFA;67;11.71;1;7.2276;634;célibataire;commerce;oui;0
53; 419?453 CFA ;31?719?362 CFA;111;10.41;2;0.6813;707;marié;services;non;1
58; 66?371 CFA ;7?584?609 CFA;112;11.87;4;1.0203;509;marié;industrie;non;1
33; 357?228 CFA ;32?502?177 CFA;59;5.58;4;1.5421;613;célibataire;commerce;oui;0
34; 472?845 CFA ;21?392?578 CFA;110;10.98;3;0.4113;561;célibataire;services;oui;0
44; 232?256 CFA ;10?591?985 CFA;14;8.98;5;3.2575;636;célibataire;agriculture;non;0
46; 374?060 CFA ;18?529?773 CFA;93;11.91;0;0.5327;725;marié;btp;oui;0
56; 123?972 CFA ;29?964?339 CFA;42;6.92;3;5.7548;550;marié;commerce;oui;1
62; 243?259 CFA ;45?775?089 CFA;54;13.68;1;3.4847;408;célibataire;services;non;1
51; 325?128 CFA ;1?990?687 CFA;46;4.01;4;0.1331;649;marié;agriculture;oui;0
38; 345?183 CFA ;47?125?033 CFA;22;12.69;0;6.2055;491;marié;agriculture;non;0
41; 135?431 CFA ;43?366?200 CFA;93;13.34;1;3.4431;560;divorcé;commerce;oui;0
46; 395?835 CFA ;32?818?232 CFA;26;12.81;5;3.1888;653;marié;industrie;oui;0
43; 370?750 CFA ;46?045?724 CFA;56;9.15;1;2.2178;604;divorcé;commerce;oui;1
34; 453?832 CFA ;11?836?501 CFA;64;8.26;0;0.4075;564;marié;btp;non;1
40; 414?809 CFA ;5?772?864 CFA;44;14.96;5;0.3163;517;célibataire;commerce;non;0
57; 155?373 CFA ;4?288?963 CFA;60;5.75;1;0.4601;300;marié;commerce;non;0
33; 231?144 CFA ;12?040?237 CFA;46;9.56;5;1.1324;644;marié;agriculture;oui;0
62; 336?718 CFA ;33?299?055 CFA;44;11.05;0;2.2476;549;marié;industrie;oui;0
40; 446?646 CFA ;5?685?773 CFA;18;11.41;0;0.7072;726;marié;agriculture;oui;0
33; 300?195 CFA ;13?228?700 CFA;69;5.45;5;0.6387;614;marié;industrie;oui;0
30; 193?748 CFA ;22?109?907 CFA;16;10.85;2;7.1323;520;marié;btp;oui;1
28; 454?032 CFA ;11?521?186 CFA;115;12.82;3;0.2207;681;célibataire;btp;non;0
49; 82?733 CFA ;35?023?048 CFA;24;3.6;1;17.6386;690;célibataire;commerce;oui;0
35; 266?752 CFA ;25?191?736 CFA;16;13.94;1;5.9024;553;marié;services;non;1
52; 52?050 CFA ;43?693?996 CFA;82;3.35;2;10.2373;694;marié;industrie;oui;0
40; 159?996 CFA ;35?544?468 CFA;51;7.27;2;4.356;519;célibataire;agriculture;non;1
37; 83?933 CFA ;24?862?375 CFA;50;3.19;2;5.9243;590;marié;services;oui;0
26; 74?951 CFA ;41?233?588 CFA;6;3.93;4;91.6901;632;marié;agriculture;oui;0
56; 82?413 CFA ;44?252?417 CFA;45;13.93;4;11.9324;653;célibataire;commerce;oui;0
33; 215?873 CFA ;26?731?747 CFA;113;7.26;5;1.0958;637;célibataire;agriculture;oui;0
46; 236?691 CFA ;44?163?896 CFA;24;8.1;4;7.7745;541;célibataire;agriculture;oui;0
42; 476?129 CFA ;43?407?203 CFA;81;5.58;0;1.1255;684;divorcé;commerce;oui;0
57; 424?717 CFA ;8?404?428 CFA;77;10.17;5;0.257;562;célibataire;commerce;oui;0
44; 483?816 CFA ;11?901?147 CFA;77;10.14;1;0.3195;518;célibataire;services;non;0
37; 238?847 CFA ;48?168?235 CFA;66;7.47;3;3.0556;519;marié;agriculture;non;0
60; 271?888 CFA ;46?124?927 CFA;114;7.0;0;1.4881;768;célibataire;commerce;non;0
63; 311?044 CFA ;2?822?523 CFA;17;13.62;1;0.5338;500;célibataire;agriculture;oui;0
60; 271?165 CFA ;26?879?085 CFA;66;7.6;1;1.5019;704;célibataire;services;non;1
35; 293?662 CFA ;5?246?771 CFA;117;8.92;5;0.1527;461;marié;services;oui;0
52; 216?472 CFA ;9?140?145 CFA;38;6.4;2;1.1111;623;marié;services;oui;0
26; 447?710 CFA ;33?565?406 CFA;50;12.44;2;1.4994;604;célibataire;services;oui;0
56; 261?760 CFA ;1?364?645 CFA;95;7.77;0;0.0549;737;célibataire;commerce;oui;0
44; 172?744 CFA ;1?928?127 CFA;108;9.16;2;0.1033;509;divorcé;industrie;oui;0
50; 401?575 CFA ;9?359?690 CFA;97;6.04;1;0.2403;481;célibataire;commerce;oui;0
64; 255?763 CFA ;44?364?317 CFA;74;14.85;2;2.344;563;célibataire;commerce;oui;1
32; 93?001 CFA ;38?309?281 CFA;13;6.5;4;31.6864;741;célibataire;services;non;1
39; 117?364 CFA ;41?629?019 CFA;30;12.25;2;11.8233;486;marié;agriculture;non;1
33; 437?132 CFA ;23?792?566 CFA;96;8.13;1;0.567;316;marié;services;non;1
30; 357?172 CFA ;49?462?002 CFA;51;5.47;5;2.7153;580;célibataire;services;non;1
31; 288?506 CFA ;49?723?966 CFA;92;12.6;0;1.8734;669;marié;commerce;oui;0
65; 278?731 CFA ;8?836?900 CFA;35;7.0;3;0.9058;473;célibataire;agriculture;non;1
38; 480?789 CFA ;18?892?993 CFA;114;13.38;2;0.3447;659;célibataire;agriculture;non;0
59; 181?878 CFA ;29?170?729 CFA;52;13.98;1;3.0844;471;marié;btp;oui;1
28; 436?487 CFA ;37?567?096 CFA;92;13.32;3;0.9355;560;célibataire;services;oui;0
34; 237?710 CFA ;48?984?993 CFA;54;3.42;3;3.8161;650;marié;agriculture;non;1
61; 178?301 CFA ;1?473?181 CFA;52;12.45;4;0.1589;456;célibataire;commerce;oui;0
63; 438?439 CFA ;45?559?850 CFA;89;7.94;3;1.1676;593;marié;services;non;1
30; 210?829 CFA ;18?768?849 CFA;87;13.48;5;1.0233;696;célibataire;industrie;oui;0
48; 84?636 CFA ;47?339?036 CFA;23;10.66;1;24.3185;622;marié;agriculture;oui;0
23; 261?169 CFA ;43?976?894 CFA;71;13.0;1;2.3716;502;célibataire;agriculture;oui;0
26; 229?352 CFA ;32?863?575 CFA;73;8.99;2;1.9629;726;marié;industrie;oui;0
50; 336?406 CFA ;2?561?774 CFA;99;9.42;2;0.0769;640;célibataire;agriculture;non;0
58; 392?579 CFA ;36?844?790 CFA;38;4.73;2;2.4698;388;marié;agriculture;non;1
59; 243?283 CFA ;21?137?778 CFA;41;12.41;5;2.1192;661;célibataire;btp;oui;0
40; 498?058 CFA ;7?476?610 CFA;87;8.03;3;0.1725;517;divorcé;services;oui;0
29; 440?727 CFA ;6?710?715 CFA;106;9.0;3;0.1436;594;célibataire;commerce;non;0
22; 295?596 CFA ;27?988?445 CFA;24;12.42;4;3.9452;675;célibataire;agriculture;non;1
43; 481?413 CFA ;31?835?282 CFA;116;10.19;5;0.5701;520;marié;agriculture;oui;0
38; 353?988 CFA ;25?803?302 CFA;33;5.41;2;2.2089;410;célibataire;agriculture;oui;1
28; 376?898 CFA ;20?520?303 CFA;45;10.08;0;1.2099;725;célibataire;industrie;non;1
46; 477?373 CFA ;18?186?927 CFA;89;7.89;4;0.4281;691;divorcé;commerce;non;0
25; 389?273 CFA ;37?766?016 CFA;118;8.63;0;0.8222;566;divorcé;services;oui;0
57; 352?186 CFA ;40?967?715 CFA;102;3.34;3;1.1404;660;célibataire;btp;oui;0
27; 111?665 CFA ;35?674?147 CFA;81;5.52;4;3.9441;538;divorcé;commerce;non;1
52; 296?584 CFA ;44?070?727 CFA;120;6.37;4;1.2383;584;marié;agriculture;non;0
40; 166?953 CFA ;6?814?768 CFA;20;11.56;1;2.0409;560;célibataire;commerce;oui;0
65; 208?448 CFA ;25?601?670 CFA;46;3.14;3;2.67;542;marié;btp;oui;0
60; 236?626 CFA ;9?315?995 CFA;44;7.91;3;0.8948;610;marié;industrie;non;1
48; 195?271 CFA ;40?780?883 CFA;7;14.09;5;29.8346;454;divorcé;agriculture;oui;1
31; 168?533 CFA ;8?564?220 CFA;68;4.34;4;0.7473;549;célibataire;services;oui;0
47; 494?164 CFA ;49?533?339 CFA;34;9.2;3;2.9481;606;marié;services;oui;0
40; 123?781 CFA ;18?821?829 CFA;110;12.44;4;1.3823;758;célibataire;btp;oui;0
60; 116?262 CFA ;18?574?854 CFA;79;14.31;5;2.0224;458;célibataire;agriculture;non;1
24; 358?744 CFA ;24?412?113 CFA;71;11.96;5;0.9584;627;célibataire;commerce;oui;0
34; 126?898 CFA ;25?025?886 CFA;56;11.65;1;3.5217;638;divorcé;industrie;non;0
49; 199?369 CFA ;47?073?028 CFA;80;12.92;4;2.9514;387;marié;commerce;oui;1
41; 80?448 CFA ;31?090?972 CFA;82;8.35;3;4.7131;616;marié;commerce;oui;1
49; 338?316 CFA ;45?538?050 CFA;15;12.67;3;8.9735;663;marié;agriculture;oui;0
29; 486?090 CFA ;36?510?502 CFA;19;3.1;4;3.9532;633;célibataire;commerce;non;0
62; 57?657 CFA ;42?932?666 CFA;87;14.09;4;8.5589;566;célibataire;commerce;non;1
60; 306?689 CFA ;34?343?291 CFA;56;8.32;4;1.9997;608;célibataire;btp;oui;0
22; 468?641 CFA ;22?026?982 CFA;78;9.64;2;0.6026;591;célibataire;commerce;non;0
24; 469?901 CFA ;16?305?013 CFA;44;6.06;3;0.7886;406;marié;commerce;non;0
34; 424?999 CFA ;46?444?452 CFA;33;11.91;5;3.3116;594;marié;services;non;0
49; 467?794 CFA ;47?878?941 CFA;8;3.92;3;12.7938;538;célibataire;agriculture;oui;0
46; 209?903 CFA ;43?037?345 CFA;89;13.47;2;2.3038;504;célibataire;commerce;non;1
54; 57?906 CFA ;38?311?773 CFA;75;12.94;4;8.8216;823;célibataire;services;oui;0
59; 373?557 CFA ;15?821?333 CFA;32;5.59;1;1.3235;700;célibataire;industrie;oui;0
27; 104?028 CFA ;39?531?525 CFA;7;12.71;4;54.2869;459;divorcé;services;non;1
65; 319?431 CFA ;42?647?406 CFA;98;12.44;4;1.3624;609;marié;services;oui;0
53; 345?804 CFA ;17?779?636 CFA;43;10.59;2;1.1957;720;marié;agriculture;oui;0
42; 372?648 CFA ;44?694?441 CFA;8;7.48;3;14.9922;425;marié;btp;oui;0
37; 240?792 CFA ;39?583?478 CFA;21;6.26;4;7.828;582;célibataire;agriculture;non;1
42; 152?979 CFA ;9?926?807 CFA;99;5.78;3;0.6555;587;célibataire;industrie;non;0
32; 84?701 CFA ;17?938?118 CFA;45;6.82;0;4.7063;447;marié;commerce;oui;0
58; 133?300 CFA ;41?616?548 CFA;7;13.84;5;44.6003;612;marié;btp;non;0
57; 291?249 CFA ;47?746?348 CFA;86;3.93;3;1.9062;686;célibataire;services;oui;1
56; 198?746 CFA ;27?035?897 CFA;46;12.95;1;2.9572;725;marié;industrie;oui;0
40; 133?560 CFA ;29?819?409 CFA;17;7.19;5;13.1333;550;marié;agriculture;non;1
41; 292?615 CFA ;18?963?212 CFA;40;9.26;1;1.6202;825;marié;commerce;oui;0
39; 467?090 CFA ;31?096?308 CFA;112;12.53;4;0.5944;369;divorcé;services;oui;0
62; 93?642 CFA ;49?274?836 CFA;70;13.61;5;7.5172;610;marié;industrie;oui;0
35; 377?304 CFA ;20?523?633 CFA;60;7.14;3;0.9066;433;marié;agriculture;non;0
36; 329?746 CFA ;9?591?044 CFA;50;8.54;5;0.5817;584;célibataire;btp;oui;0
52; 415?464 CFA ;28?209?612 CFA;84;7.97;4;0.8083;522;célibataire;industrie;non;0
22; 138?801 CFA ;49?390?527 CFA;95;3.16;2;3.7457;625;célibataire;commerce;non;0
24; 338?075 CFA ;15?442?371 CFA;106;6.55;1;0.4309;562;célibataire;industrie;oui;0
37; 144?377 CFA ;2?051?330 CFA;90;8.51;4;0.1579;492;marié;commerce;non;0
44; 341?336 CFA ;1?471?248 CFA;67;7.93;2;0.0643;498;marié;commerce;oui;0
32; 358?686 CFA ;5?157?851 CFA;54;11.66;5;0.2663;768;célibataire;commerce;oui;0
33; 439?159 CFA ;23?972?522 CFA;100;7.62;5;0.5459;619;marié;services;non;0
31; 354?664 CFA ;5?878?750 CFA;30;8.87;4;0.5525;404;célibataire;services;non;0
53; 376?916 CFA ;3?107?411 CFA;28;8.16;3;0.2944;630;célibataire;commerce;oui;0
37; 362?250 CFA ;2?193?439 CFA;29;11.89;5;0.2088;555;célibataire;services;oui;0
29; 131?121 CFA ;19?108?310 CFA;43;13.36;3;3.3891;575;célibataire;services;oui;0
59; 75?559 CFA ;37?491?604 CFA;33;9.38;3;15.0361;656;célibataire;services;oui;0
33; 417?739 CFA ;17?104?953 CFA;26;12.47;3;1.5749;693;marié;agriculture;oui;0
45; 83?742 CFA ;9?947?933 CFA;59;6.56;0;2.0134;489;célibataire;industrie;oui;0
49; 381?813 CFA ;40?974?307 CFA;112;9.5;2;0.9582;572;divorcé;commerce;non;1
29; 202?826 CFA ;23?200?577 CFA;23;7.14;2;4.9733;520;célibataire;commerce;oui;1
49; 185?044 CFA ;39?596?943 CFA;41;7.97;5;5.2192;634;célibataire;agriculture;oui;0
57; 382?975 CFA ;13?307?931 CFA;104;11.79;5;0.3341;551;célibataire;commerce;non;0
47; 162?217 CFA ;48?112?497 CFA;50;13.58;3;5.9319;577;marié;industrie;non;1
29; 91?873 CFA ;31?716?359 CFA;78;4.46;0;4.4259;547;célibataire;commerce;oui;0
49; 418?676 CFA ;4?315?144 CFA;58;10.62;3;0.1777;564;marié;services;oui;0
49; 438?411 CFA ;20?713?468 CFA;107;9.99;0;0.4416;745;marié;agriculture;non;1
58; 453?119 CFA ;17?041?107 CFA;35;4.42;3;1.0745;814;marié;commerce;oui;0
62; 184?092 CFA ;1?317?052 CFA;65;5.54;1;0.1101;612;marié;btp;oui;0
57; 353?899 CFA ;27?651?781 CFA;113;6.73;1;0.6915;565;célibataire;industrie;non;0
48; 398?100 CFA ;8?096?585 CFA;103;5.0;4;0.1975;415;célibataire;agriculture;oui;0
38; 136?988 CFA ;16?677?172 CFA;37;5.92;3;3.2903;498;célibataire;commerce;oui;1
30; 95?648 CFA ;13?802?313 CFA;72;6.21;5;2.0042;562;marié;agriculture;oui;0
54; 175?991 CFA ;6?769?324 CFA;72;7.03;2;0.5342;503;célibataire;commerce;oui;0
41; 452?732 CFA ;35?482?512 CFA;33;11.99;4;2.375;514;célibataire;industrie;oui;0
34; 427?149 CFA ;9?990?536 CFA;49;9.86;5;0.4773;732;divorcé;industrie;non;0
49; 52?396 CFA ;36?575?711 CFA;84;14.83;1;8.3103;577;célibataire;agriculture;oui;0
50; 134?082 CFA ;24?781?104 CFA;46;7.98;3;4.0178;586;marié;btp;oui;0
34; 462?345 CFA ;10?988?951 CFA;68;12.05;4;0.3495;507;marié;services;oui;0
56; 178?322 CFA ;12?985?000 CFA;28;13.46;3;2.6006;692;célibataire;commerce;non;0
27; 182?663 CFA ;23?397?064 CFA;109;11.15;1;1.1751;553;célibataire;commerce;oui;0
39; 61?303 CFA ;3?226?016 CFA;80;7.94;4;0.6578;522;célibataire;services;oui;0
26; 211?633 CFA ;942?939 CFA;53;12.04;1;0.0841;416;marié;services;non;0
46; 383?863 CFA ;20?560?188 CFA;37;5.44;0;1.4476;568;marié;commerce;oui;0
23; 299?690 CFA ;36?766?225 CFA;62;6.93;1;1.9787;519;marié;commerce;oui;0
31; 309?820 CFA ;31?322?201 CFA;105;9.56;3;0.9628;743;divorcé;agriculture;oui;0
51; 149?616 CFA ;13?635?871 CFA;38;9.9;2;2.3984;759;marié;industrie;oui;0
26; 436?309 CFA ;48?333?019 CFA;29;3.27;1;3.8199;451;célibataire;commerce;oui;0
54; 136?231 CFA ;36?373?556 CFA;44;14.34;5;6.0682;462;célibataire;agriculture;non;1
22; 319?458 CFA ;48?075?798 CFA;39;11.36;2;3.8588;547;marié;industrie;oui;0
39; 69?623 CFA ;13?831?233 CFA;61;8.95;0;3.2567;493;célibataire;btp;oui;1
53; 248?747 CFA ;49?243?175 CFA;33;14.2;4;5.9989;596;célibataire;btp;oui;0
32; 155?228 CFA ;19?796?186 CFA;42;8.27;4;3.0364;542;marié;commerce;oui;0
42; 476?346 CFA ;35?781?840 CFA;12;14.77;2;6.2598;603;célibataire;agriculture;oui;0
47; 232?828 CFA ;20?078?958 CFA;73;9.15;4;1.1814;676;divorcé;commerce;non;0
46; 409?768 CFA ;18?332?891 CFA;42;4.37;1;1.0652;468;marié;agriculture;oui;0
43; 207?364 CFA ;12?452?983 CFA;61;12.18;2;0.9845;674;célibataire;btp;non;1
48; 423?929 CFA ;32?538?060 CFA;70;11.15;3;1.0965;502;divorcé;agriculture;oui;0
34; 398?350 CFA ;41?491?186 CFA;70;12.28;1;1.488;789;célibataire;commerce;oui;0
54; 119?274 CFA ;13?637?311 CFA;52;14.42;1;2.1988;737;célibataire;commerce;oui;0
55; 183?541 CFA ;17?251?531 CFA;25;12.32;1;3.7597;563;célibataire;commerce;oui;1
62; 103?947 CFA ;25?295?222 CFA;24;10.34;3;10.1395;478;célibataire;industrie;oui;1
56; 203?606 CFA ;36?374?916 CFA;34;13.29;0;5.2545;459;marié;commerce;oui;0
22; 244?692 CFA ;4?605?223 CFA;79;11.08;5;0.2382;662;célibataire;agriculture;non;0
42; 98?874 CFA ;45?266?028 CFA;65;7.9;4;7.0433;571;célibataire;commerce;oui;0
27; 99?708 CFA ;29?584?871 CFA;23;13.63;2;12.9007;667;célibataire;commerce;oui;0
49; 124?553 CFA ;29?134?616 CFA;97;5.66;0;2.4115;795;marié;agriculture;oui;0
38; 118?344 CFA ;12?463?776 CFA;40;11.58;2;2.633;497;marié;services;oui;0
26; 361?282 CFA ;41?664?396 CFA;48;13.58;4;2.4026;451;célibataire;services;oui;1
52; 235?374 CFA ;23?072?466 CFA;116;11.78;3;0.845;594;célibataire;services;oui;0
26; 97?638 CFA ;38?109?879 CFA;100;11.37;1;3.9032;689;célibataire;btp;oui;0
59; 128?249 CFA ;19?057?968 CFA;96;12.03;1;1.5479;480;célibataire;btp;non;1
24; 418?009 CFA ;15?001?508 CFA;16;8.58;3;2.243;578;marié;btp;non;1
44; 52?719 CFA ;37?347?763 CFA;54;13.49;0;13.1191;712;marié;agriculture;oui;0
58; 203?962 CFA ;13?957?684 CFA;118;5.44;0;0.5799;411;célibataire;agriculture;oui;0
58; 479?725 CFA ;41?308?249 CFA;43;4.53;2;2.0025;598;célibataire;commerce;non;0
31; 92?534 CFA ;38?389?950 CFA;69;6.43;3;6.0127;520;célibataire;industrie;oui;1
31; 142?241 CFA ;31?481?347 CFA;74;9.38;0;2.9909;587;marié;btp;oui;0
40; 462?003 CFA ;26?068?906 CFA;13;9.13;3;4.3404;645;célibataire;industrie;oui;0
38; 176?209 CFA ;9?089?747 CFA;39;12.85;4;1.3227;597;divorcé;agriculture;oui;0
42; 492?061 CFA ;39?277?230 CFA;53;7.85;1;1.5061;473;marié;btp;oui;0
35; 239?004 CFA ;21?181?938 CFA;61;8.81;1;1.4529;524;célibataire;commerce;oui;1
30; 142?124 CFA ;22?492?838 CFA;81;3.16;1;1.9539;717;marié;agriculture;oui;0
22; 141?659 CFA ;11?635?474 CFA;107;7.92;3;0.7676;607;divorcé;commerce;oui;0
34; 214?134 CFA ;48?137?042 CFA;70;10.77;3;3.2114;659;marié;agriculture;non;1
25; 125?713 CFA ;10?096?394 CFA;36;3.19;2;2.2309;600;célibataire;commerce;oui;1
22; 268?335 CFA ;25?758?425 CFA;9;6.37;1;10.6659;655;célibataire;commerce;oui;0
61; 125?418 CFA ;20?452?900 CFA;118;5.5;2;1.382;535;marié;commerce;oui;1
53; 178?232 CFA ;12?272?676 CFA;114;3.5;1;0.604;498;marié;services;non;0
55; 478?048 CFA ;17?906?301 CFA;55;8.75;2;0.681;651;marié;industrie;non;0
49; 213?038 CFA ;10?848?533 CFA;74;5.18;2;0.6881;687;marié;services;non;0
52; 456?203 CFA ;27?183?911 CFA;35;11.92;4;1.7025;483;marié;commerce;oui;0
29; 218?383 CFA ;10?901?929 CFA;93;13.18;2;0.5368;517;divorcé;industrie;non;0
60; 343?719 CFA ;23?349?061 CFA;64;9.55;3;1.0614;558;célibataire;btp;non;1
47; 375?996 CFA ;19?795?854 CFA;72;14.78;2;0.7312;736;marié;agriculture;oui;0
55; 308?722 CFA ;17?880?319 CFA;80;8.41;1;0.724;631;marié;commerce;oui;0
24; 182?079 CFA ;36?044?400 CFA;50;9.16;2;3.9592;442;marié;commerce;oui;0
33; 252?053 CFA ;5?803?943 CFA;9;14.87;0;2.5585;565;marié;agriculture;non;1
22; 126?242 CFA ;15?953?951 CFA;31;5.78;5;4.0766;550;célibataire;services;oui;0
65; 228?589 CFA ;39?551?623 CFA;32;14.31;1;5.407;457;marié;industrie;oui;0
26; 79?257 CFA ;31?599?208 CFA;51;3.51;0;7.8175;564;marié;agriculture;non;1
51; 485?423 CFA ;30?305?505 CFA;112;8.36;1;0.5574;545;célibataire;industrie;non;0
51; 194?353 CFA ;48?175?854 CFA;69;3.84;3;3.5924;538;marié;industrie;non;0
38; 373?390 CFA ;11?504?849 CFA;96;11.75;5;0.321;534;célibataire;btp;non;0
44; 313?579 CFA ;45?286?626 CFA;111;10.3;5;1.3011;722;célibataire;commerce;oui;0
36; 279?947 CFA ;23?750?723 CFA;56;11.48;3;1.515;538;célibataire;btp;non;0
58; 281?758 CFA ;24?714?909 CFA;55;7.49;5;1.5949;579;célibataire;commerce;oui;0
42; 141?357 CFA ;46?513?251 CFA;11;7.43;3;29.9135;569;marié;services;non;0
35; 207?732 CFA ;39?192?429 CFA;64;3.54;0;2.9479;524;marié;agriculture;oui;0
23; 448?300 CFA ;29?509?512 CFA;20;7.2;4;3.2913;582;marié;agriculture;non;0
32; 456?723 CFA ;14?584?264 CFA;35;14.15;1;0.9124;581;marié;services;non;0
60; 253?667 CFA ;29?282?808 CFA;47;7.55;3;2.4561;582;célibataire;commerce;non;0
59; 133?807 CFA ;41?324?950 CFA;106;12.98;1;2.9136;489;célibataire;commerce;oui;0
55; 488?755 CFA ;46?461?405 CFA;42;13.11;0;2.2634;554;marié;agriculture;oui;1
59; 428?097 CFA ;22?789?150 CFA;47;7.48;4;1.1326;651;célibataire;services;non;1
55; 188?563 CFA ;42?227?753 CFA;106;10.58;0;2.1127;557;divorcé;agriculture;oui;0
39; 308?778 CFA ;8?399?284 CFA;40;4.14;5;0.68;591;marié;industrie;non;0
51; 231?264 CFA ;1?503?171 CFA;92;4.24;1;0.0707;591;marié;agriculture;oui;0
36; 435?941 CFA ;24?492?154 CFA;11;3.58;4;5.1075;616;divorcé;agriculture;non;0
48; 376?032 CFA ;48?690?951 CFA;73;9.97;5;1.7738;630;célibataire;commerce;oui;0
55; 123?609 CFA ;20?177?953 CFA;23;8.11;4;7.0974;557;célibataire;commerce;non;0
59; 321?221 CFA ;35?424?917 CFA;78;9.58;5;1.4139;483;marié;commerce;non;1
54; 298?512 CFA ;7?545?900 CFA;118;9.25;0;0.2142;453;célibataire;commerce;oui;0
45; 303?973 CFA ;18?958?292 CFA;34;7.2;3;1.8344;676;divorcé;btp;oui;1
36; 333?097 CFA ;22?589?615 CFA;82;11.13;1;0.827;652;célibataire;services;oui;0
51; 426?826 CFA ;31?100?479 CFA;64;12.1;2;1.1385;639;marié;agriculture;oui;0
63; 380?033 CFA ;1?481?883 CFA;52;3.18;2;0.075;656;marié;commerce;oui;0
38; 204?893 CFA ;2?168?321 CFA;22;5.49;0;0.481;558;marié;industrie;non;0
26; 480?783 CFA ;13?796?138 CFA;114;11.56;1;0.2517;512;célibataire;commerce;oui;0
50; 165?374 CFA ;44?061?742 CFA;101;7.64;1;2.638;476;célibataire;agriculture;oui;0
25; 74?860 CFA ;6?654?512 CFA;117;10.95;0;0.7598;466;marié;industrie;oui;1
31; 202?267 CFA ;27?165?895 CFA;27;7.16;1;4.9743;696;célibataire;services;oui;0
38; 127?475 CFA ;21?036?721 CFA;73;7.69;3;2.2606;525;marié;services;oui;0
31; 399?410 CFA ;25?692?630 CFA;74;4.9;0;0.8693;680;marié;agriculture;non;0
38; 202?499 CFA ;5?918?952 CFA;42;6.1;3;0.6959;556;marié;agriculture;non;0
41; 412?876 CFA ;4?764?423 CFA;110;10.26;1;0.1049;507;marié;services;oui;0
45; 339?227 CFA ;44?316?762 CFA;54;8.2;0;2.4193;465;célibataire;agriculture;oui;0
26; 268?118 CFA ;14?316?653 CFA;18;12.29;1;2.9665;516;marié;commerce;non;1
55; 369?516 CFA ;8?681?883 CFA;39;13.23;0;0.6024;716;marié;commerce;oui;0
27; 173?786 CFA ;15?809?784 CFA;114;9.5;1;0.798;466;célibataire;commerce;oui;0
23; 487?280 CFA ;32?427?921 CFA;91;12.1;3;0.7313;786;divorcé;btp;oui;0
34; 57?813 CFA ;24?448?053 CFA;58;6.68;3;7.2911;490;marié;industrie;oui;0
64; 81?598 CFA ;35?574?035 CFA;92;7.98;1;4.7388;649;célibataire;services;non;0
64; 307?951 CFA ;27?634?365 CFA;56;11.55;0;1.6024;560;célibataire;agriculture;non;0
32; 143?106 CFA ;28?170?483 CFA;8;7.63;2;24.6063;542;divorcé;agriculture;oui;0
44; 339?226 CFA ;18?140?619 CFA;47;10.06;3;1.1378;447;célibataire;commerce;oui;0
37; 341?385 CFA ;43?322?943 CFA;103;5.22;3;1.2321;565;marié;agriculture;non;1
52; 277?286 CFA ;22?772?887 CFA;37;10.2;5;2.2197;459;marié;btp;non;0
32; 487?785 CFA ;35?033?268 CFA;114;13.34;2;0.63;406;célibataire;agriculture;non;0
37; 61?745 CFA ;20?500?738 CFA;56;13.42;1;5.929;586;célibataire;commerce;non;0
29; 338?173 CFA ;15?304?511 CFA;118;11.69;0;0.3835;511;marié;commerce;oui;0
25; 194?097 CFA ;19?494?397 CFA;90;11.95;5;1.116;743;célibataire;services;non;0
61; 282?732 CFA ;9?068?438 CFA;51;9.7;1;0.6289;675;marié;agriculture;non;0
25; 435?539 CFA ;18?833?734 CFA;113;10.02;4;0.3827;744;célibataire;commerce;oui;0
46; 195?360 CFA ;12?372?752 CFA;26;4.6;3;2.4359;506;marié;commerce;non;0
24; 139?186 CFA ;36?713?515 CFA;49;8.33;4;5.3831;588;marié;industrie;oui;0
53; 449?756 CFA ;10?125?105 CFA;16;8.41;3;1.407;312;célibataire;agriculture;oui;1
24; 409?912 CFA ;48?048?564 CFA;108;14.5;3;1.0853;546;célibataire;btp;oui;1
48; 263?030 CFA ;22?154?924 CFA;73;8.17;4;1.1538;584;célibataire;industrie;oui;0
50; 249?950 CFA ;10?435?869 CFA;120;9.59;4;0.3479;590;célibataire;commerce;oui;0
53; 91?846 CFA ;32?345?012 CFA;6;9.4;1;58.6943;570;marié;industrie;oui;0
40; 388?076 CFA ;41?934?749 CFA;97;10.64;5;1.114;581;marié;agriculture;oui;0
42; 198?554 CFA ;42?335?879 CFA;68;11.98;5;3.1356;303;célibataire;btp;oui;1
26; 335?555 CFA ;47?479?309 CFA;29;5.7;4;4.8791;600;marié;commerce;oui;0
39; 494?191 CFA ;46?982?054 CFA;104;9.34;1;0.9141;623;marié;commerce;oui;0
49; 390?941 CFA ;37?950?390 CFA;18;12.91;5;5.393;708;célibataire;commerce;non;1
63; 364?451 CFA ;30?492?671 CFA;116;8.56;1;0.7213;611;célibataire;agriculture;oui;0
43; 446?309 CFA ;24?353?258 CFA;103;6.34;1;0.5298;561;divorcé;btp;oui;0
42; 334?186 CFA ;32?969?247 CFA;16;10.86;3;6.166;685;marié;agriculture;non;1
27; 102?930 CFA ;14?189?493 CFA;105;12.89;5;1.3129;339;marié;services;non;1
22; 298?656 CFA ;1?765?898 CFA;56;3.76;5;0.1056;523;marié;commerce;non;0
26; 487?629 CFA ;16?418?424 CFA;22;12.32;3;1.5305;498;célibataire;btp;oui;0
62; 294?459 CFA ;36?174?971 CFA;104;12.86;4;1.1813;571;marié;agriculture;oui;0
33; 274?695 CFA ;40?001?580 CFA;87;8.54;3;1.6738;355;marié;commerce;non;1
47; 410?027 CFA ;37?285?617 CFA;109;14.8;5;0.8343;706;marié;commerce;oui;0
55; 345?900 CFA ;29?399?868 CFA;91;12.44;5;0.934;550;célibataire;services;oui;0
35; 103?268 CFA ;31?552?238 CFA;29;12.28;4;10.5358;606;célibataire;agriculture;oui;0
47; 482?430 CFA ;23?200?314 CFA;24;11.97;3;2.0038;597;célibataire;agriculture;non;0
48; 262?943 CFA ;45?109?118 CFA;42;4.81;0;4.0846;701;divorcé;agriculture;oui;0
30; 308?916 CFA ;17?762?030 CFA;108;5.61;0;0.5324;388;célibataire;services;non;1
47; 471?818 CFA ;25?637?138 CFA;90;8.57;4;0.6037;586;marié;agriculture;non;0
43; 234?403 CFA ;43?669?174 CFA;13;6.17;3;14.3307;689;célibataire;services;oui;0
51; 98?901 CFA ;31?279?669 CFA;33;7.98;3;9.584;565;célibataire;agriculture;non;0
64; 412?130 CFA ;47?689?674 CFA;10;13.66;1;11.5715;479;marié;industrie;non;1
38; 244?488 CFA ;35?654?340 CFA;22;12.89;5;6.6288;514;marié;btp;non;1
47; 213?268 CFA ;39?364?224 CFA;106;10.56;2;1.7413;535;marié;commerce;oui;0
57; 440?530 CFA ;36?408?279 CFA;41;13.3;4;2.0158;502;célibataire;commerce;non;1
22; 317?770 CFA ;11?518?754 CFA;24;12.41;2;1.5104;559;marié;agriculture;oui;0
29; 188?496 CFA ;3?392?478 CFA;69;8.15;2;0.2608;725;célibataire;agriculture;non;0
56; 325?001 CFA ;11?331?890 CFA;96;5.41;4;0.3632;515;célibataire;commerce;oui;0
36; 291?531 CFA ;47?505?718 CFA;103;9.17;3;1.5821;526;marié;services;oui;0
43; 296?693 CFA ;6?449?852 CFA;16;11.83;4;1.3587;620;célibataire;commerce;non;0
35; 463?198 CFA ;529?725 CFA;59;8.24;2;0.0194;557;célibataire;btp;non;0
47; 445?196 CFA ;48?995?982 CFA;50;11.0;5;2.2011;442;marié;commerce;oui;0
49; 229?362 CFA ;9?684?536 CFA;52;4.13;5;0.812;568;marié;services;oui;0
44; 76?431 CFA ;48?266?655 CFA;17;11.98;5;37.1474;565;marié;commerce;oui;1
35; 397?120 CFA ;16?913?806 CFA;26;12.75;3;1.6381;672;célibataire;commerce;non;1
45; 288?360 CFA ;20?248?999 CFA;16;11.48;0;4.3888;477;célibataire;commerce;non;1
23; 394?855 CFA ;36?717?193 CFA;108;14.61;4;0.861;673;célibataire;commerce;non;0
47; 76?385 CFA ;48?463?321 CFA;97;12.92;5;6.5408;565;divorcé;commerce;oui;0
35; 481?374 CFA ;40?578?991 CFA;10;13.84;4;8.4298;464;marié;services;oui;1
28; 466?235 CFA ;32?012?427 CFA;86;14.2;5;0.7984;444;marié;btp;non;0
24; 330?783 CFA ;33?621?540 CFA;61;12.62;3;1.6663;768;célibataire;commerce;non;0
44; 135?530 CFA ;28?205?858 CFA;25;11.09;0;8.3246;559;marié;agriculture;oui;0
64; 280?983 CFA ;32?432?864 CFA;46;3.07;0;2.5093;668;célibataire;commerce;non;0
39; 333?707 CFA ;23?813?511 CFA;51;8.59;5;1.3992;404;marié;commerce;oui;0
59; 482?557 CFA ;28?219?138 CFA;17;9.85;3;3.4399;838;divorcé;agriculture;oui;0
56; 427?816 CFA ;47?183?359 CFA;75;6.65;1;1.4705;664;divorcé;industrie;oui;0
36; 448?992 CFA ;21?186?655 CFA;22;6.82;4;2.1449;549;marié;btp;oui;0
46; 479?660 CFA ;14?226?569 CFA;120;14.53;4;0.2472;544;marié;btp;oui;0
58; 451?927 CFA ;6?127?745 CFA;24;13.7;2;0.565;648;divorcé;agriculture;oui;0
49; 255?390 CFA ;4?411?146 CFA;31;13.19;3;0.5572;642;marié;industrie;oui;0
31; 395?114 CFA ;35?761?449 CFA;53;7.87;2;1.7077;593;célibataire;services;non;1
60; 293?373 CFA ;34?743?988 CFA;113;3.16;5;1.048;576;marié;commerce;oui;1
38; 397?697 CFA ;11?745?869 CFA;113;3.96;2;0.2614;631;célibataire;commerce;oui;0
60; 211?779 CFA ;28?891?654 CFA;57;6.75;0;2.3934;400;marié;industrie;oui;0
43; 220?182 CFA ;24?565?754 CFA;101;3.19;4;1.1047;537;marié;commerce;oui;0
47; 242?860 CFA ;2?753?722 CFA;75;3.21;2;0.1512;410;marié;commerce;non;0
65; 132?879 CFA ;2?149?729 CFA;60;14.0;0;0.2696;635;célibataire;commerce;oui;0
46; 482?043 CFA ;1?616?271 CFA;105;11.47;3;0.0319;507;célibataire;services;non;0
38; 288?260 CFA ;11?416?876 CFA;107;6.71;2;0.3702;417;marié;agriculture;non;0
34; 448?871 CFA ;32?478?888 CFA;80;4.59;5;0.9045;495;marié;btp;oui;0
41; 357?003 CFA ;32?074?515 CFA;38;9.14;5;2.3643;589;marié;services;oui;0
46; 496?841 CFA ;37?153?987 CFA;67;3.06;5;1.1161;554;célibataire;services;oui;1
25; 364?242 CFA ;22?961?013 CFA;93;14.26;4;0.6778;457;divorcé;agriculture;oui;0
31; 196?323 CFA ;18?958?857 CFA;28;7.98;2;3.4489;404;divorcé;services;non;1
24; 172?413 CFA ;47?704?953 CFA;20;7.83;3;13.8345;582;célibataire;agriculture;oui;0
62; 312?670 CFA ;17?943?381 CFA;32;7.69;2;1.7934;516;célibataire;agriculture;oui;1
39; 380?904 CFA ;20?065?579 CFA;80;3.83;4;0.6585;549;marié;commerce;oui;0
57; 97?837 CFA ;49?285?616 CFA;69;10.66;0;7.3008;559;marié;commerce;oui;0
43; 310?550 CFA ;47?880?429 CFA;120;11.8;4;1.2848;618;divorcé;services;oui;0
55; 323?680 CFA ;21?753?537 CFA;119;11.11;5;0.5648;659;marié;agriculture;oui;0
29; 78?541 CFA ;37?764?820 CFA;86;4.66;0;5.591;589;marié;commerce;oui;0
61; 129?083 CFA ;37?289?624 CFA;56;9.95;5;5.1586;542;marié;agriculture;oui;1
65; 494?243 CFA ;28?433?715 CFA;58;9.83;1;0.9919;577;célibataire;btp;non;0
40; 84?531 CFA ;27?406?511 CFA;83;13.42;4;3.9062;541;célibataire;services;non;1
63; 320?856 CFA ;35?989?522 CFA;96;7.55;4;1.1684;410;marié;services;oui;1
62; 416?245 CFA ;37?991?702 CFA;87;7.46;3;1.0491;684;marié;commerce;oui;0
58; 377?599 CFA ;7?239?013 CFA;97;10.42;2;0.1976;665;marié;agriculture;non;0
27; 124?744 CFA ;7?589?975 CFA;56;10.6;0;1.0865;773;marié;btp;oui;0
47; 302?859 CFA ;9?305?586 CFA;52;8.63;0;0.5909;803;célibataire;commerce;oui;0
55; 179?749 CFA ;38?873?507 CFA;116;8.32;3;1.8644;457;marié;commerce;oui;1
27; 317?253 CFA ;45?064?078 CFA;9;8.93;3;15.7827;541;célibataire;services;non;0
58; 361?412 CFA ;48?219?804 CFA;12;13.33;2;11.1184;826;célibataire;agriculture;oui;0
54; 281?809 CFA ;12?268?963 CFA;114;8.53;5;0.3819;570;marié;industrie;non;0
43; 366?759 CFA ;14?763?315 CFA;40;14.28;2;1.0063;599;marié;commerce;non;0
42; 132?503 CFA ;48?585?527 CFA;53;9.05;4;6.9184;422;divorcé;commerce;non;1
27; 304?346 CFA ;4?368?452 CFA;78;14.39;5;0.184;590;célibataire;agriculture;non;0
27; 472?975 CFA ;29?671?429 CFA;77;12.99;1;0.8147;768;marié;agriculture;oui;0
25; 135?708 CFA ;27?866?868 CFA;50;7.35;2;4.1069;703;célibataire;industrie;oui;0
51; 241?184 CFA ;8?574?037 CFA;86;13.36;3;0.4134;514;célibataire;services;non;0
32; 152?471 CFA ;35?367?175 CFA;86;4.32;5;2.6972;535;marié;agriculture;non;1
51; 304?225 CFA ;28?406?918 CFA;118;14.1;2;0.7913;461;marié;agriculture;oui;1
52; 207?661 CFA ;14?322?356 CFA;102;10.58;0;0.6762;489;marié;services;non;0
45; 211?087 CFA ;44?370?245 CFA;101;3.65;1;2.0812;383;célibataire;services;oui;0
30; 210?081 CFA ;46?177?485 CFA;77;10.73;4;2.8546;566;marié;commerce;oui;0
24; 395?453 CFA ;41?062?875 CFA;24;14.69;0;4.3266;726;célibataire;commerce;oui;0
52; 438?590 CFA ;43?781?526 CFA;68;3.84;0;1.468;610;marié;agriculture;oui;0
61; 243?118 CFA ;43?920?892 CFA;43;9.66;1;4.2013;711;célibataire;services;oui;0
58; 418?805 CFA ;7?803?693 CFA;72;11.97;4;0.2588;682;célibataire;btp;oui;0
57; 207?215 CFA ;20?492?066 CFA;64;12.72;3;1.5452;520;marié;agriculture;oui;0
45; 56?154 CFA ;10?608?631 CFA;74;7.97;5;2.553;499;divorcé;services;oui;0
52; 202?876 CFA ;45?113?348 CFA;18;5.45;4;12.3538;502;célibataire;commerce;oui;0
27; 484?904 CFA ;8?483?439 CFA;52;3.51;2;0.3364;403;célibataire;commerce;non;0
23; 114?288 CFA ;29?227?993 CFA;115;9.96;0;2.2238;578;marié;commerce;oui;0
41; 101?195 CFA ;25?964?695 CFA;66;8.43;2;3.8876;300;célibataire;industrie;oui;1
49; 332?725 CFA ;42?322?973 CFA;36;14.38;3;3.5334;634;célibataire;commerce;oui;0
32; 495?864 CFA ;10?046?263 CFA;85;3.73;2;0.2384;582;célibataire;commerce;oui;0
25; 342?231 CFA ;20?226?497 CFA;119;11.22;4;0.4967;622;célibataire;commerce;non;0
36; 231?002 CFA ;24?633?277 CFA;101;3.3;2;1.0558;680;divorcé;agriculture;oui;0
27; 214?053 CFA ;35?349?361 CFA;27;5.06;3;6.1164;594;marié;agriculture;non;0
51; 119?298 CFA ;36?559?026 CFA;98;8.44;3;3.1271;738;marié;services;oui;0
59; 358?311 CFA ;18?520?510 CFA;91;8.46;3;0.568;637;divorcé;agriculture;oui;0
23; 256?376 CFA ;31?886?811 CFA;48;11.23;4;2.5911;499;marié;services;oui;0
36; 486?624 CFA ;41?766?066 CFA;72;13.92;3;1.1921;551;célibataire;commerce;oui;0
32; 89?499 CFA ;49?851?998 CFA;59;10.67;0;9.4409;348;célibataire;commerce;oui;1
29; 437?960 CFA ;36?469?234 CFA;15;14.44;3;5.5514;484;célibataire;commerce;oui;1
47; 495?485 CFA ;34?497?463 CFA;47;13.58;2;1.4814;536;célibataire;commerce;oui;0
65; 219?631 CFA ;26?756?492 CFA;69;10.01;5;1.7656;629;divorcé;agriculture;oui;0
26; 295?198 CFA ;16?163?645 CFA;26;13.01;2;2.106;499;marié;commerce;non;1
27; 292?997 CFA ;20?067?589 CFA;85;10.71;5;0.8058;450;célibataire;services;oui;0
47; 146?347 CFA ;29?349?268 CFA;81;3.94;2;2.4759;386;marié;services;oui;0
25; 360?931 CFA ;32?132?286 CFA;71;11.89;4;1.2539;515;marié;commerce;oui;0
40; 347?632 CFA ;7?561?183 CFA;46;4.14;2;0.4728;770;divorcé;commerce;oui;0
41; 386?585 CFA ;20?564?274 CFA;29;10.13;4;1.8343;602;marié;agriculture;oui;1
54; 255?735 CFA ;12?092?111 CFA;40;11.43;4;1.1821;668;marié;agriculture;non;1
41; 72?431 CFA ;29?824?003 CFA;61;3.8;3;6.7501;484;marié;agriculture;non;0
33; 373?825 CFA ;790?998 CFA;35;5.77;0;0.0605;417;marié;industrie;oui;0
22; 244?555 CFA ;5?355?920 CFA;62;13.99;5;0.3532;452;marié;agriculture;oui;0
47; 172?720 CFA ;6?867?712 CFA;99;10.4;3;0.4016;565;célibataire;agriculture;oui;0
35; 99?153 CFA ;45?491?633 CFA;52;5.96;3;8.8231;375;célibataire;commerce;non;1
59; 318?512 CFA ;8?497?043 CFA;40;11.29;4;0.6669;474;marié;agriculture;oui;0
58; 470?640 CFA ;681?360 CFA;24;10.16;4;0.0603;516;célibataire;services;oui;0
32; 424?504 CFA ;19?721?242 CFA;119;9.02;5;0.3904;442;célibataire;agriculture;oui;0
57; 226?076 CFA ;19?792?635 CFA;13;14.71;2;6.7345;362;marié;agriculture;non;1
34; 269?724 CFA ;6?032?410 CFA;31;11.2;2;0.7215;603;célibataire;services;oui;0
64; 424?899 CFA ;4?638?286 CFA;118;7.51;3;0.0925;579;marié;commerce;oui;0
24; 106?985 CFA ;48?768?283 CFA;109;12.6;1;4.182;652;marié;services;non;0
54; 362?213 CFA ;11?531?669 CFA;76;13.61;1;0.4189;463;divorcé;services;oui;0
27; 364?470 CFA ;8?833?100 CFA;35;4.5;2;0.6924;650;marié;commerce;non;0
31; 158?737 CFA ;7?393?728 CFA;12;5.41;1;3.8815;727;célibataire;services;oui;0
26; 262?133 CFA ;48?506?403 CFA;72;5.59;2;2.5701;601;marié;agriculture;non;1
44; 204?470 CFA ;19?404?815 CFA;70;11.29;4;1.3558;514;marié;commerce;non;1
31; 279?465 CFA ;27?891?022 CFA;41;10.24;3;2.4342;589;divorcé;commerce;oui;1
65; 100?861 CFA ;38?988?026 CFA;30;10.43;0;12.8851;509;célibataire;commerce;non;1
23; 388?041 CFA ;16?197?605 CFA;42;14.29;3;0.9939;492;célibataire;services;oui;0
34; 262?977 CFA ;29?497?166 CFA;6;12.31;2;18.6944;643;divorcé;industrie;non;0
61; 177?118 CFA ;38?437?226 CFA;20;4.54;2;10.8507;561;célibataire;btp;oui;0
23; 380?721 CFA ;24?600?710 CFA;42;7.17;3;1.5385;695;marié;services;non;0
41; 246?713 CFA ;40?753?576 CFA;18;8.22;5;9.177;530;célibataire;commerce;oui;0
22; 59?078 CFA ;41?922?223 CFA;109;7.75;2;6.5102;540;célibataire;agriculture;non;0
58; 468?219 CFA ;13?599?507 CFA;13;11.03;1;2.2342;518;célibataire;commerce;oui;0
30; 374?912 CFA ;12?785?500 CFA;10;13.7;1;3.4103;462;célibataire;commerce;non;1
38; 101?047 CFA ;47?301?033 CFA;65;6.67;2;7.2017;656;marié;commerce;non;1
30; 383?770 CFA ;27?928?913 CFA;78;9.62;2;0.933;793;divorcé;btp;oui;0
32; 369?804 CFA ;39?344?162 CFA;6;12.47;5;17.732;536;célibataire;commerce;non;1
36; 285?458 CFA ;45?905?132 CFA;41;7.99;1;3.9222;506;marié;commerce;non;1
45; 493?002 CFA ;37?293?968 CFA;40;5.02;2;1.8912;500;célibataire;commerce;oui;0
59; 445?141 CFA ;33?507?453 CFA;71;8.7;2;1.0602;507;marié;industrie;oui;0
56; 265?048 CFA ;15?841?821 CFA;68;3.66;5;0.879;739;célibataire;services;oui;0
51; 286?293 CFA ;36?380?565 CFA;109;14.31;5;1.1658;503;divorcé;services;oui;0
52; 167?832 CFA ;32?479?500 CFA;28;3.9;3;6.9116;516;marié;commerce;oui;0
26; 442?550 CFA ;44?182?501 CFA;14;8.26;5;7.1312;450;marié;industrie;oui;1
65; 175?150 CFA ;11?038?832 CFA;39;9.36;0;1.616;604;marié;agriculture;oui;0
35; 207?087 CFA ;33?751?322 CFA;51;14.82;1;3.1957;568;marié;industrie;oui;1
32; 83?320 CFA ;8?448?140 CFA;83;4.99;3;1.2216;461;divorcé;commerce;oui;0
30; 377?025 CFA ;6?220?626 CFA;9;4.37;0;1.8332;485;marié;commerce;non;0
55; 140?827 CFA ;14?154?772 CFA;35;3.1;2;2.8718;728;divorcé;commerce;non;1
33; 414?359 CFA ;40?276?146 CFA;100;4.87;2;0.972;578;marié;services;oui;0
56; 469?505 CFA ;40?429?257 CFA;107;5.49;3;0.8048;585;célibataire;agriculture;non;0
56; 309?931 CFA ;39?060?290 CFA;80;10.57;5;1.5754;585;marié;industrie;non;0
22; 446?605 CFA ;33?922?637 CFA;104;5.64;2;0.7304;714;célibataire;commerce;non;0
61; 468?899 CFA ;29?668?537 CFA;77;3.25;4;0.8217;470;marié;commerce;oui;0
43; 456?845 CFA ;8?721?252 CFA;8;12.92;3;2.3863;535;marié;agriculture;oui;0
50; 373?694 CFA ;37?470?303 CFA;19;7.39;0;5.2774;558;marié;commerce;non;1
29; 74?826 CFA ;25?274?704 CFA;65;7.24;3;5.1966;402;célibataire;commerce;non;0
32; 150?734 CFA ;22?240?617 CFA;82;6.63;1;1.7994;483;célibataire;commerce;non;0
62; 207?702 CFA ;12?929?667 CFA;50;14.7;5;1.245;679;marié;services;non;0
58; 279?834 CFA ;36?921?189 CFA;101;5.04;5;1.3063;651;divorcé;commerce;oui;0
35; 227?235 CFA ;27?002?745 CFA;39;13.78;3;3.047;668;célibataire;btp;oui;0
51; 148?511 CFA ;11?136?547 CFA;50;12.32;2;1.4998;516;célibataire;services;oui;0
56; 323?797 CFA ;13?243?293 CFA;66;3.92;2;0.6197;528;marié;industrie;oui;0
42; 209?033 CFA ;39?967?750 CFA;88;14.84;4;2.1728;396;marié;agriculture;non;1
58; 131?941 CFA ;13?987?010 CFA;107;6.26;4;0.9907;668;célibataire;commerce;oui;0
26; 255?209 CFA ;46?706?264 CFA;21;4.18;5;8.7148;684;célibataire;commerce;oui;0
40; 345?806 CFA ;30?690?179 CFA;71;12.95;4;1.25;683;célibataire;services;non;0
35; 148?818 CFA ;45?190?216 CFA;45;11.48;0;6.748;735;divorcé;industrie;oui;1
47; 499?662 CFA ;11?916?757 CFA;22;10.41;4;1.0841;617;célibataire;agriculture;non;1
25; 202?360 CFA ;28?304?333 CFA;39;4.87;0;3.5864;730;célibataire;agriculture;non;1
46; 303?627 CFA ;4?151?387 CFA;111;8.74;4;0.1232;554;célibataire;industrie;oui;0
63; 145?081 CFA ;27?770?507 CFA;21;12.37;5;9.1149;398;célibataire;agriculture;oui;0
46; 86?877 CFA ;44?970?459 CFA;107;6.64;5;4.8377;661;marié;services;oui;0
39; 423?706 CFA ;35?766?104 CFA;65;6.74;0;1.2987;394;célibataire;commerce;oui;1
61; 458?529 CFA ;6?405?950 CFA;71;3.04;3;0.1968;592;célibataire;industrie;oui;0
29; 261?957 CFA ;3?712?883 CFA;71;5.09;5;0.1996;670;marié;agriculture;oui;0
60; 122?715 CFA ;3?528?631 CFA;95;13.5;3;0.3027;607;célibataire;agriculture;non;0
61; 191?398 CFA ;14?718?200 CFA;18;8.3;2;4.2721;802;célibataire;services;oui;0
35; 160?091 CFA ;15?487?811 CFA;61;14.81;0;1.586;378;marié;btp;non;1
53; 182?632 CFA ;28?236?989 CFA;116;7.75;5;1.3329;566;marié;commerce;oui;0
59; 391?292 CFA ;6?923?959 CFA;36;11.58;1;0.4915;576;divorcé;commerce;oui;0
54; 133?186 CFA ;44?221?579 CFA;39;6.38;2;8.5136;440;marié;services;non;0
44; 469?961 CFA ;4?524?733 CFA;44;7.37;3;0.2188;459;marié;btp;oui;0
36; 212?962 CFA ;22?136?437 CFA;72;5.29;5;1.4437;490;célibataire;industrie;oui;0
54; 201?094 CFA ;43?857?062 CFA;13;7.16;0;16.7763;465;marié;btp;non;0
46; 435?773 CFA ;43?395?286 CFA;92;9.57;4;1.0824;564;marié;agriculture;non;0
38; 495?795 CFA ;519?675 CFA;83;14.9;1;0.0126;514;marié;agriculture;non;0
54; 120?316 CFA ;25?739?821 CFA;60;10.97;3;3.5656;606;marié;services;oui;0
23; 78?380 CFA ;26?633?385 CFA;32;5.39;2;10.6187;639;célibataire;industrie;oui;1
35; 160?198 CFA ;27?664?495 CFA;98;3.54;0;1.7621;633;marié;commerce;non;0
61; 314?500 CFA ;40?865?237 CFA;108;4.52;1;1.2031;533;marié;agriculture;non;0
61; 120?326 CFA ;30?615?806 CFA;58;9.75;0;4.3869;603;divorcé;industrie;oui;0
